Startpoint: _68325_ (rising edge-triggered flip-flop clocked by clk)
Endpoint: _68333_ (rising edge-triggered flip-flop clocked by clk)
Path Group: clk
Path Type: max

Fanout      Cap     Slew    Delay     Time   Description
---------------------------------------------------------------------------------
                            0.000    0.000   clock clk (rise edge)
                            0.000    0.000   clock source latency
     1    4.143    0.000    0.000    0.000 ^ clk (in)
                                             clk (net)
     8   29.235    0.019    0.031    0.031 ^ clkbuf_0_clk/Z (BUF_X4)
                                             clknet_0_clk (net)
    16   55.262    0.033    0.054    0.085 ^ clkbuf_3_2_0_clk/Z (BUF_X4)
                                             clknet_3_2_0_clk (net)
     2    6.888    0.008    0.027    0.112 ^ clkbuf_7_39_0_clk/Z (BUF_X4)
                                             clknet_7_39_0_clk (net)
     6    6.539    0.007    0.020    0.132 ^ clkbuf_8_78__f_clk/Z (BUF_X4)
                                             clknet_8_78__leaf_clk (net)
                   0.007    0.000    0.132 ^ _68325_/CK (DFF_X2)
    10   29.260    0.035    0.141    0.273 ^ _68325_/Q (DFF_X2)
                                             _00008_ (net)
     8   62.214    0.040    0.053    0.326 v _34614_/ZN (NAND2_X4)
                                             _32087_ (net)
    99  233.134    0.008    0.041    0.368 v max_cap219/Z (BUF_X32)
                                             net219 (net)
   124  236.941    0.023    0.072    0.440 ^ _34615_/ZN (INV_X32)
                                             i0.SCDP.instruction[16] (net)
     1    1.702    0.011    0.026    0.466 v _35412_/ZN (OAI21_X1)
                                             _32818_ (net)
     1    1.836    0.036    0.052    0.517 ^ _35415_/ZN (OAI221_X1)
                                             _32821_ (net)
     1    1.599    0.014    0.024    0.542 v _35416_/ZN (OAI21_X1)
                                             _32822_ (net)
     1    3.658    0.033    0.038    0.580 ^ _35426_/ZN (AOI21_X1)
                                             _32832_ (net)
    14   21.081    0.043    0.040    0.620 v _35427_/ZN (AOI221_X2)
                                             i0.SCDP.read_data_2[2] (net)
    10   25.590    0.010    0.048    0.668 v max_cap180/Z (BUF_X4)
                                             net180 (net)
     6   35.055    0.053    0.065    0.734 ^ _35429_/ZN (AOI21_X4)
                                             _32834_ (net)
     9   28.446    0.018    0.032    0.765 v _35430_/ZN (INV_X4)
                                             i0.SCDP.ALU_operand2[2] (net)
     5   16.158    0.065    0.107    0.872 ^ _35837_/ZN (NOR4_X4)
                                             _33222_ (net)
     4   14.909    0.040    0.046    0.918 v _35840_/ZN (NAND4_X4)
                                             _33225_ (net)
     3    5.715    0.041    0.090    1.008 ^ _35843_/ZN (NOR4_X4)
                                             _33228_ (net)
     3    6.343    0.023    0.077    1.085 ^ _35846_/ZN (AND4_X1)
                                             _33231_ (net)
     4   13.994    0.024    0.073    1.158 ^ _35849_/ZN (AND4_X2)
                                             _33234_ (net)
     2    7.857    0.024    0.043    1.201 v _35851_/ZN (NAND4_X2)
                                             _33236_ (net)
     4   12.922    0.057    0.104    1.305 ^ _35854_/ZN (NOR4_X4)
                                             _33239_ (net)
     4   17.524    0.037    0.048    1.353 v _35856_/ZN (NAND4_X4)
                                             _33241_ (net)
     5   10.232    0.051    0.101    1.455 ^ _35858_/ZN (NOR4_X4)
                                             _33243_ (net)
     3   13.231    0.033    0.036    1.491 v _35875_/ZN (AOI21_X2)
                                             _33260_ (net)
     6   14.959    0.038    0.059    1.550 v _35877_/ZN (XNOR2_X2)
                                             _33262_ (net)
     4    9.637    0.050    0.100    1.649 ^ _35881_/ZN (NOR4_X4)
                                             _33266_ (net)
     5   15.125    0.039    0.049    1.698 v _35895_/ZN (NAND4_X4)
                                             _33280_ (net)
     3   10.754    0.053    0.087    1.785 ^ _36362_/ZN (NOR4_X4)
                                             _33730_ (net)
     4   14.302    0.028    0.048    1.834 v _36371_/ZN (NAND4_X4)
                                             _33739_ (net)
     3   12.242    0.018    0.104    1.937 v _36382_/ZN (OR4_X4)
                                             _33750_ (net)
     8   26.046    0.022    0.109    2.046 v _36401_/ZN (OR4_X4)
                                             _33769_ (net)
     3    4.202    0.020    0.097    2.143 v _36435_/ZN (OR4_X1)
                                             _33803_ (net)
     3    4.555    0.009    0.042    2.185 v _36436_/ZN (AND2_X1)
                                             _33804_ (net)
     1    4.180    0.030    0.045    2.229 ^ _36439_/ZN (XNOR2_X1)
                                             _33807_ (net)
     4   10.195    0.034    0.051    2.280 ^ _36469_/ZN (XNOR2_X2)
                                             _33837_ (net)
     2    5.744    0.017    0.054    2.333 ^ _36470_/Z (MUX2_X1)
                                             _33838_ (net)
     4   11.934    0.015    0.025    2.359 v _36471_/ZN (NAND2_X2)
                                             _33839_ (net)
     1    5.126    0.043    0.047    2.405 ^ _36486_/ZN (AOI211_X2)
                                             _33854_ (net)
     4    6.517    0.025    0.048    2.454 ^ _36487_/ZN (XNOR2_X2)
                                             _33855_ (net)
     1    1.718    0.009    0.036    2.489 ^ _36489_/ZN (AND2_X1)
                                             _33857_ (net)
     1    1.656    0.010    0.013    2.503 v _36496_/ZN (OAI21_X1)
                                             _33864_ (net)
     2    2.811    0.045    0.047    2.549 ^ _36501_/ZN (AOI211_X1)
                                             _33869_ (net)
     3    5.259    0.015    0.040    2.590 ^ _36505_/ZN (OR2_X1)
                                             _33873_ (net)
     1    1.616    0.007    0.010    2.599 v _36511_/ZN (NOR2_X1)
                                             _33879_ (net)
     3    5.630    0.039    0.059    2.658 ^ _36512_/ZN (AOI21_X1)
                                             _33880_ (net)
     2    3.855    0.018    0.031    2.688 v _36514_/ZN (XNOR2_X1)
                                             _33882_ (net)
     1    1.892    0.019    0.031    2.720 ^ _36526_/ZN (OAI21_X1)
                                             _33894_ (net)
     1    1.631    0.008    0.017    2.737 v _36527_/ZN (AOI21_X1)
                                             _33895_ (net)
     2    5.345    0.034    0.050    2.787 ^ _36531_/ZN (OAI21_X1)
                                             _33899_ (net)
     1    4.836    0.021    0.035    2.821 v _36547_/ZN (NAND3_X1)
                                             _33915_ (net)
     3    5.847    0.015    0.045    2.867 v _36548_/ZN (XNOR2_X2)
                                             _33916_ (net)
     2    3.779    0.015    0.046    2.913 v _36550_/ZN (XNOR2_X1)
                                             _33918_ (net)
     2    4.654    0.031    0.044    2.957 ^ _36554_/ZN (OAI21_X1)
                                             _33922_ (net)
     2    4.179    0.013    0.026    2.983 v _36555_/ZN (AOI21_X1)
                                             _33923_ (net)
     1    3.617    0.027    0.043    3.026 ^ _36556_/ZN (OAI21_X1)
                                             _33924_ (net)
     2    8.668    0.013    0.025    3.051 v _36557_/ZN (AOI21_X2)
                                             _33925_ (net)
     1    4.552    0.041    0.051    3.102 ^ _36582_/ZN (AOI211_X2)
                                             _33950_ (net)
     3    5.462    0.026    0.059    3.161 ^ _36583_/Z (XOR2_X2)
                                             _33951_ (net)
     2    4.059    0.030    0.049    3.210 ^ _36585_/ZN (XNOR2_X1)
                                             _33953_ (net)
     2    4.140    0.015    0.025    3.235 v _36589_/ZN (AOI21_X1)
                                             _33957_ (net)
     2    4.296    0.030    0.047    3.283 ^ _36590_/ZN (OAI21_X1)
                                             _33958_ (net)
     2    4.154    0.015    0.025    3.308 v _36591_/ZN (AOI21_X1)
                                             _33959_ (net)
     1    1.886    0.019    0.035    3.343 ^ _36592_/ZN (OAI21_X1)
                                             _33960_ (net)
     1    1.660    0.008    0.017    3.360 v _36593_/ZN (AOI21_X1)
                                             _33961_ (net)
     2    5.206    0.034    0.049    3.409 ^ _36597_/ZN (OAI21_X1)
                                             _33965_ (net)
     1    4.916    0.021    0.035    3.444 v _36623_/ZN (NAND3_X1)
                                             _33991_ (net)
     4    6.343    0.013    0.064    3.508 v _36624_/Z (XOR2_X2)
                                             _33992_ (net)
     1    1.601    0.009    0.051    3.559 v _36625_/ZN (OR2_X1)
                                             _33993_ (net)
     2    4.493    0.031    0.027    3.586 ^ _36632_/ZN (OAI21_X1)
                                             _34000_ (net)
     2    4.207    0.013    0.026    3.611 v _36633_/ZN (AOI21_X1)
                                             _34001_ (net)
     2    4.534    0.031    0.048    3.659 ^ _36634_/ZN (OAI21_X1)
                                             _34002_ (net)
     2    4.215    0.015    0.026    3.685 v _36635_/ZN (AOI21_X1)
                                             _34003_ (net)
     1    3.438    0.026    0.043    3.727 ^ _36636_/ZN (OAI21_X1)
                                             _34004_ (net)
     1    5.648    0.013    0.022    3.750 v _36639_/ZN (AOI211_X2)
                                             _34007_ (net)
     4    7.791    0.045    0.082    3.831 ^ _36641_/ZN (NOR4_X4)
                                             _34009_ (net)
    10   16.641    0.013    0.034    3.865 ^ rebuffer280/Z (BUF_X4)
                                             net280 (net)
     3    5.254    0.016    0.043    3.908 ^ _36673_/ZN (AND2_X1)
                                             _34041_ (net)
     1    1.668    0.011    0.013    3.921 v _36676_/ZN (NOR3_X1)
                                             _34044_ (net)
     2    4.248    0.030    0.041    3.962 ^ _36686_/ZN (OAI21_X1)
                                             _34054_ (net)
     2    4.089    0.015    0.025    3.987 v _36687_/ZN (AOI21_X1)
                                             _34055_ (net)
     2    4.388    0.030    0.048    4.034 ^ _36688_/ZN (OAI21_X1)
                                             _34056_ (net)
     2    4.154    0.013    0.025    4.060 v _36689_/ZN (AOI21_X1)
                                             _34057_ (net)
     2    4.365    0.030    0.047    4.106 ^ _36690_/ZN (OAI21_X1)
                                             _34058_ (net)
     1    1.703    0.012    0.019    4.125 v _36691_/ZN (AOI21_X1)
                                             _34059_ (net)
     1    3.724    0.027    0.043    4.168 ^ _36692_/ZN (OAI21_X1)
                                             _34060_ (net)
     2    9.821    0.014    0.026    4.195 v _36696_/ZN (AOI21_X2)
                                             _34064_ (net)
     1    5.311    0.035    0.059    4.254 ^ _36731_/ZN (NOR3_X2)
                                             _34099_ (net)
     3    6.369    0.025    0.047    4.301 ^ _36732_/ZN (XNOR2_X2)
                                             _34100_ (net)
     3    4.479    0.032    0.050    4.351 ^ _36734_/ZN (XNOR2_X1)
                                             _34102_ (net)
     2    4.136    0.015    0.026    4.376 v _36739_/ZN (AOI21_X1)
                                             _34107_ (net)
     2    4.550    0.031    0.049    4.425 ^ _36740_/ZN (OAI21_X1)
                                             _34108_ (net)
     2    4.181    0.015    0.026    4.451 v _36741_/ZN (AOI21_X1)
                                             _34109_ (net)
     2    4.420    0.030    0.048    4.499 ^ _36742_/ZN (OAI21_X1)
                                             _34110_ (net)
     2    4.194    0.015    0.025    4.524 v _36743_/ZN (AOI21_X1)
                                             _34111_ (net)
     2    4.511    0.031    0.048    4.572 ^ _36744_/ZN (OAI21_X1)
                                             _34112_ (net)
     1    1.693    0.009    0.019    4.591 v _36745_/ZN (AOI21_X1)
                                             _34113_ (net)
     1    1.787    0.019    0.032    4.623 ^ _36746_/ZN (OAI21_X1)
                                             _34114_ (net)
     2    6.901    0.016    0.029    4.652 v _36751_/ZN (AOI21_X1)
                                             _34119_ (net)
     1    3.342    0.042    0.081    4.733 ^ _36793_/ZN (NOR4_X2)
                                             _34161_ (net)
     3    5.580    0.036    0.056    4.789 ^ _36794_/ZN (XNOR2_X1)
                                             _34162_ (net)
     2    3.823    0.017    0.030    4.818 v _36796_/ZN (XNOR2_X1)
                                             _34164_ (net)
     2    4.609    0.031    0.045    4.863 ^ _36800_/ZN (OAI21_X1)
                                             _34168_ (net)
     2    4.278    0.015    0.026    4.889 v _36801_/ZN (AOI21_X1)
                                             _34169_ (net)
     2    4.438    0.030    0.048    4.937 ^ _36802_/ZN (OAI21_X1)
                                             _34170_ (net)
     2    4.194    0.015    0.025    4.963 v _36803_/ZN (AOI21_X1)
                                             _34171_ (net)
     2    4.465    0.031    0.048    5.011 ^ _36804_/ZN (OAI21_X1)
                                             _34172_ (net)
     2    4.268    0.015    0.026    5.036 v _36805_/ZN (AOI21_X1)
                                             _34173_ (net)
     2    4.192    0.029    0.047    5.083 ^ _36806_/ZN (OAI21_X1)
                                             _34174_ (net)
     1    1.654    0.009    0.019    5.102 v _36807_/ZN (AOI21_X1)
                                             _34175_ (net)
     1    3.730    0.027    0.042    5.144 ^ _36808_/ZN (OAI21_X1)
                                             _34176_ (net)
     3   11.901    0.015    0.029    5.173 v _36812_/ZN (AOI21_X2)
                                             _34180_ (net)
     1    4.926    0.033    0.059    5.231 ^ _36855_/ZN (NOR3_X2)
                                             _04704_ (net)
     4    8.262    0.029    0.049    5.280 ^ _36856_/ZN (XNOR2_X2)
                                             _04705_ (net)
     1    1.701    0.009    0.014    5.294 v _36857_/ZN (NOR2_X1)
                                             _04706_ (net)
     2    4.731    0.035    0.055    5.349 ^ _36863_/ZN (AOI21_X1)
                                             _04712_ (net)
     2    4.067    0.017    0.030    5.378 v _36864_/ZN (OAI21_X1)
                                             _04713_ (net)
     2    4.248    0.033    0.047    5.426 ^ _36865_/ZN (AOI21_X1)
                                             _04714_ (net)
     2    4.047    0.017    0.029    5.455 v _36866_/ZN (OAI21_X1)
                                             _04715_ (net)
     2    4.214    0.033    0.047    5.501 ^ _36867_/ZN (AOI21_X1)
                                             _04716_ (net)
     2    3.999    0.017    0.029    5.530 v _36868_/ZN (OAI21_X1)
                                             _04717_ (net)
     2    4.130    0.032    0.046    5.577 ^ _36869_/ZN (AOI21_X1)
                                             _04718_ (net)
     2    3.746    0.016    0.028    5.605 v _36870_/ZN (OAI21_X1)
                                             _04719_ (net)
     1    1.870    0.022    0.035    5.639 ^ _36871_/ZN (AOI21_X1)
                                             _04720_ (net)
     1    2.980    0.013    0.023    5.663 v _36872_/ZN (OAI21_X1)
                                             _04721_ (net)
     2    9.769    0.033    0.030    5.692 ^ _36874_/ZN (OAI21_X2)
                                             _04723_ (net)
     1    4.591    0.017    0.022    5.714 v _36927_/ZN (AOI211_X2)
                                             _04776_ (net)
     3    6.398    0.019    0.063    5.777 v _36928_/Z (XOR2_X2)
                                             _04777_ (net)
     2    3.709    0.015    0.048    5.825 v _36930_/ZN (XNOR2_X1)
                                             _04779_ (net)
     2    4.632    0.035    0.044    5.869 ^ _36935_/ZN (AOI21_X1)
                                             _04784_ (net)
     2    4.374    0.017    0.030    5.899 v _36936_/ZN (OAI21_X1)
                                             _04785_ (net)
     2    4.301    0.033    0.048    5.947 ^ _36937_/ZN (AOI21_X1)
                                             _04786_ (net)
     2    3.990    0.017    0.029    5.976 v _36938_/ZN (OAI21_X1)
                                             _04787_ (net)
     2    4.370    0.033    0.048    6.024 ^ _36939_/ZN (AOI21_X1)
                                             _04788_ (net)
     2    3.991    0.017    0.029    6.053 v _36940_/ZN (OAI21_X1)
                                             _04789_ (net)
     2    4.604    0.034    0.049    6.101 ^ _36941_/ZN (AOI21_X1)
                                             _04790_ (net)
     2    4.011    0.017    0.029    6.131 v _36942_/ZN (OAI21_X1)
                                             _04791_ (net)
     2    4.134    0.032    0.047    6.177 ^ _36943_/ZN (AOI21_X1)
                                             _04792_ (net)
     1    1.815    0.013    0.023    6.200 v _36944_/ZN (OAI21_X1)
                                             _04793_ (net)
     1    3.480    0.030    0.042    6.242 ^ _36945_/ZN (AOI21_X1)
                                             _04794_ (net)
     3    6.888    0.015    0.026    6.268 v _36949_/ZN (OAI21_X2)
                                             _04798_ (net)
    12   22.080    0.009    0.038    6.306 v _36950_/ZN (AND2_X4)
                                             _04799_ (net)
     3    5.213    0.017    0.027    6.333 ^ _37012_/ZN (NAND2_X1)
                                             _04861_ (net)
     1    1.615    0.011    0.017    6.349 v _37014_/ZN (AOI21_X1)
                                             _04863_ (net)
     2    4.942    0.036    0.057    6.406 ^ _37022_/ZN (AOI21_X1)
                                             _04871_ (net)
     2    4.324    0.018    0.031    6.437 v _37023_/ZN (OAI21_X1)
                                             _04872_ (net)
     2    4.341    0.033    0.048    6.485 ^ _37024_/ZN (AOI21_X1)
                                             _04873_ (net)
     2    4.019    0.017    0.029    6.514 v _37025_/ZN (OAI21_X1)
                                             _04874_ (net)
     2    4.383    0.033    0.048    6.562 ^ _37026_/ZN (AOI21_X1)
                                             _04875_ (net)
     2    3.711    0.016    0.028    6.590 v _37027_/ZN (OAI21_X1)
                                             _04876_ (net)
     2    4.527    0.034    0.048    6.638 ^ _37028_/ZN (AOI21_X1)
                                             _04877_ (net)
     2    3.822    0.017    0.029    6.667 v _37029_/ZN (OAI21_X1)
                                             _04878_ (net)
     2    4.568    0.034    0.049    6.716 ^ _37030_/ZN (AOI21_X1)
                                             _04879_ (net)
     2    3.898    0.017    0.029    6.745 v _37031_/ZN (OAI21_X1)
                                             _04880_ (net)
     1    3.453    0.029    0.043    6.788 ^ _37032_/ZN (AOI21_X1)
                                             _04881_ (net)
     1    6.063    0.014    0.025    6.813 v _37033_/ZN (OAI21_X2)
                                             _04882_ (net)
     3   14.371    0.030    0.043    6.856 ^ _37038_/ZN (AOI21_X4)
                                             _04887_ (net)
     1    4.622    0.013    0.017    6.873 v _37097_/ZN (NOR3_X2)
                                             _04946_ (net)
     3    5.794    0.015    0.041    6.915 v _37098_/ZN (XNOR2_X2)
                                             _04947_ (net)
     2    3.752    0.015    0.047    6.961 v _37100_/ZN (XNOR2_X1)
                                             _04949_ (net)
     2    4.452    0.030    0.043    7.004 ^ _37104_/ZN (OAI21_X1)
                                             _04953_ (net)
     2    4.644    0.015    0.027    7.031 v _37105_/ZN (AOI21_X1)
                                             _04954_ (net)
     2    4.746    0.032    0.050    7.080 ^ _37106_/ZN (OAI21_X1)
                                             _04955_ (net)
     2    4.286    0.015    0.026    7.107 v _37107_/ZN (AOI21_X1)
                                             _04956_ (net)
     2    4.386    0.030    0.048    7.154 ^ _37108_/ZN (OAI21_X1)
                                             _04957_ (net)
     2    4.313    0.015    0.026    7.180 v _37109_/ZN (AOI21_X1)
                                             _04958_ (net)
     2    4.124    0.029    0.046    7.226 ^ _37110_/ZN (OAI21_X1)
                                             _04959_ (net)
     2    4.210    0.013    0.025    7.252 v _37111_/ZN (AOI21_X1)
                                             _04960_ (net)
     2    4.276    0.030    0.046    7.298 ^ _37112_/ZN (OAI21_X1)
                                             _04961_ (net)
     2    4.416    0.013    0.026    7.324 v _37113_/ZN (AOI21_X1)
                                             _04962_ (net)
     2    4.305    0.030    0.047    7.371 ^ _37114_/ZN (OAI21_X1)
                                             _04963_ (net)
     1    1.828    0.010    0.019    7.390 v _37115_/ZN (AOI21_X1)
                                             _04964_ (net)
     1    3.723    0.028    0.042    7.432 ^ _37116_/ZN (OAI21_X1)
                                             _04965_ (net)
     2    9.144    0.013    0.026    7.458 v _37121_/ZN (AOI21_X2)
                                             _04970_ (net)
     1    5.485    0.035    0.060    7.518 ^ _37188_/ZN (NOR3_X2)
                                             _05037_ (net)
     3    6.168    0.025    0.047    7.564 ^ _37189_/ZN (XNOR2_X2)
                                             _05038_ (net)
     2    4.081    0.029    0.049    7.613 ^ _37191_/ZN (XNOR2_X1)
                                             _05040_ (net)
     2    4.818    0.016    0.027    7.640 v _37196_/ZN (AOI21_X1)
                                             _05045_ (net)
     2    4.517    0.031    0.049    7.689 ^ _37197_/ZN (OAI21_X1)
                                             _05046_ (net)
     2    3.858    0.014    0.025    7.713 v _37198_/ZN (AOI21_X1)
                                             _05047_ (net)
     2    4.649    0.031    0.044    7.757 ^ _37201_/ZN (OAI21_X1)
                                             _05050_ (net)
     2    4.134    0.015    0.026    7.783 v _37202_/ZN (AOI21_X1)
                                             _05051_ (net)
     2    4.422    0.030    0.048    7.831 ^ _37203_/ZN (OAI21_X1)
                                             _05052_ (net)
     2    4.299    0.015    0.026    7.856 v _37204_/ZN (AOI21_X1)
                                             _05053_ (net)
     2    4.205    0.029    0.047    7.903 ^ _37205_/ZN (OAI21_X1)
                                             _05054_ (net)
     2    4.225    0.013    0.025    7.929 v _37206_/ZN (AOI21_X1)
                                             _05055_ (net)
     2    4.459    0.030    0.047    7.976 ^ _37207_/ZN (OAI21_X1)
                                             _05056_ (net)
     2    4.428    0.013    0.026    8.002 v _37208_/ZN (AOI21_X1)
                                             _05057_ (net)
     2    4.232    0.030    0.046    8.048 ^ _37209_/ZN (OAI21_X1)
                                             _05058_ (net)
     1    1.786    0.009    0.019    8.068 v _37210_/ZN (AOI21_X1)
                                             _05059_ (net)
     1    3.551    0.026    0.041    8.109 ^ _37211_/ZN (OAI21_X1)
                                             _05060_ (net)
     2    9.824    0.014    0.026    8.135 v _37215_/ZN (AOI21_X2)
                                             _05064_ (net)
     1    5.110    0.034    0.059    8.194 ^ _37285_/ZN (NOR3_X2)
                                             _05134_ (net)
     3    5.949    0.025    0.046    8.240 ^ _37286_/ZN (XNOR2_X2)
                                             _05135_ (net)
     2    4.079    0.029    0.049    8.288 ^ _37288_/ZN (XNOR2_X1)
                                             _05137_ (net)
     2    3.757    0.015    0.024    8.312 v _37292_/ZN (OAI21_X1)
                                             _05141_ (net)
     2    4.921    0.036    0.050    8.362 ^ _37293_/ZN (AOI21_X1)
                                             _05142_ (net)
     2    3.819    0.017    0.029    8.392 v _37294_/ZN (OAI21_X1)
                                             _05143_ (net)
     2    4.567    0.034    0.049    8.440 ^ _37295_/ZN (AOI21_X1)
                                             _05144_ (net)
     2    3.903    0.017    0.029    8.469 v _37296_/ZN (OAI21_X1)
                                             _05145_ (net)
     2    4.330    0.033    0.048    8.517 ^ _37297_/ZN (AOI21_X1)
                                             _05146_ (net)
     2    3.812    0.016    0.028    8.545 v _37298_/ZN (OAI21_X1)
                                             _05147_ (net)
     2    4.554    0.034    0.048    8.594 ^ _37299_/ZN (AOI21_X1)
                                             _05148_ (net)
     2    3.851    0.017    0.029    8.623 v _37300_/ZN (OAI21_X1)
                                             _05149_ (net)
     2    4.489    0.034    0.048    8.671 ^ _37301_/ZN (AOI21_X1)
                                             _05150_ (net)
     2    4.209    0.017    0.030    8.701 v _37302_/ZN (OAI21_X1)
                                             _05151_ (net)
     2    4.424    0.034    0.048    8.749 ^ _37303_/ZN (AOI21_X1)
                                             _05152_ (net)
     2    3.840    0.017    0.029    8.778 v _37304_/ZN (OAI21_X1)
                                             _05153_ (net)
     1    1.751    0.022    0.034    8.812 ^ _37305_/ZN (AOI21_X1)
                                             _05154_ (net)
     1    3.214    0.013    0.024    8.836 v _37306_/ZN (OAI21_X1)
                                             _05155_ (net)
     3   10.275    0.037    0.050    8.886 ^ _37311_/ZN (AOI21_X2)
                                             _05160_ (net)
     1    5.013    0.015    0.024    8.909 v _37395_/ZN (NOR3_X1)
                                             _05244_ (net)
     3    5.834    0.019    0.043    8.952 v _37396_/ZN (XNOR2_X2)
                                             _05245_ (net)
     2    3.709    0.015    0.048    9.000 v _37398_/ZN (XNOR2_X1)
                                             _05247_ (net)
     2    4.457    0.034    0.042    9.043 ^ _37403_/ZN (AOI21_X1)
                                             _05252_ (net)
     2    4.346    0.017    0.030    9.073 v _37404_/ZN (OAI21_X1)
                                             _05253_ (net)
     2    4.545    0.034    0.049    9.121 ^ _37405_/ZN (AOI21_X1)
                                             _05254_ (net)
     2    4.010    0.017    0.029    9.151 v _37406_/ZN (OAI21_X1)
                                             _05255_ (net)
     2    4.488    0.034    0.048    9.199 ^ _37407_/ZN (AOI21_X1)
                                             _05256_ (net)
     2    3.687    0.016    0.028    9.228 v _37408_/ZN (OAI21_X1)
                                             _05257_ (net)
     2    4.350    0.033    0.047    9.275 ^ _37409_/ZN (AOI21_X1)
                                             _05258_ (net)
     2    3.824    0.016    0.029    9.304 v _37410_/ZN (OAI21_X1)
                                             _05259_ (net)
     2    4.592    0.034    0.049    9.352 ^ _37411_/ZN (AOI21_X1)
                                             _05260_ (net)
     2    3.862    0.017    0.029    9.381 v _37412_/ZN (OAI21_X1)
                                             _05261_ (net)
     2    4.429    0.034    0.048    9.429 ^ _37413_/ZN (AOI21_X1)
                                             _05262_ (net)
     2    4.199    0.017    0.030    9.459 v _37414_/ZN (OAI21_X1)
                                             _05263_ (net)
     2    4.439    0.034    0.048    9.507 ^ _37415_/ZN (AOI21_X1)
                                             _05264_ (net)
     2    3.800    0.017    0.029    9.536 v _37416_/ZN (OAI21_X1)
                                             _05265_ (net)
     1    3.392    0.029    0.043    9.578 ^ _37417_/ZN (AOI21_X1)
                                             _05266_ (net)
     2    4.753    0.017    0.027    9.606 v _37421_/ZN (OAI211_X2)
                                             _05270_ (net)
     1    2.956    0.014    0.025    9.631 ^ _37512_/ZN (NAND3_X1)
                                             _05361_ (net)
     3    5.624    0.036    0.050    9.681 ^ _37513_/ZN (XNOR2_X1)
                                             _05362_ (net)
     2    4.076    0.029    0.051    9.732 ^ _37515_/ZN (XNOR2_X1)
                                             _05364_ (net)
     2    4.495    0.016    0.026    9.758 v _37519_/ZN (OAI21_X1)
                                             _05368_ (net)
     2    5.132    0.037    0.051    9.809 ^ _37520_/ZN (AOI21_X1)
                                             _05369_ (net)
     2    4.033    0.018    0.030    9.840 v _37521_/ZN (OAI21_X1)
                                             _05370_ (net)
     2    4.569    0.034    0.049    9.889 ^ _37522_/ZN (AOI21_X1)
                                             _05371_ (net)
     2    3.821    0.017    0.029    9.917 v _37523_/ZN (OAI21_X1)
                                             _05372_ (net)
     2    4.347    0.033    0.048    9.965 ^ _37524_/ZN (AOI21_X1)
                                             _05373_ (net)
     2    3.696    0.016    0.028    9.993 v _37525_/ZN (OAI21_X1)
                                             _05374_ (net)
     2    4.496    0.034    0.048   10.041 ^ _37526_/ZN (AOI21_X1)
                                             _05375_ (net)
     2    3.802    0.017    0.029   10.070 v _37527_/ZN (OAI21_X1)
                                             _05376_ (net)
     2    4.632    0.035    0.049   10.119 ^ _37528_/ZN (AOI21_X1)
                                             _05377_ (net)
     2    3.781    0.017    0.029   10.148 v _37529_/ZN (OAI21_X1)
                                             _05378_ (net)
     2    4.427    0.034    0.048   10.196 ^ _37530_/ZN (AOI21_X1)
                                             _05379_ (net)
     2    4.233    0.017    0.030   10.225 v _37531_/ZN (OAI21_X1)
                                             _05380_ (net)
     2    4.390    0.034    0.048   10.274 ^ _37532_/ZN (AOI21_X1)
                                             _05381_ (net)
     2    4.314    0.017    0.030   10.303 v _37533_/ZN (OAI21_X1)
                                             _05382_ (net)
     1    1.724    0.022    0.035   10.338 ^ _37534_/ZN (AOI21_X1)
                                             _05383_ (net)
     1    3.082    0.013    0.023   10.361 v _37535_/ZN (OAI21_X1)
                                             _05384_ (net)
     2   10.516    0.037    0.051   10.412 ^ _37539_/ZN (AOI21_X2)
                                             _05388_ (net)
     1    4.588    0.013    0.018   10.430 v _37624_/ZN (NOR3_X2)
                                             _05473_ (net)
     3    7.316    0.016    0.043   10.473 v _37625_/ZN (XNOR2_X2)
                                             _05474_ (net)
     2    3.960    0.016    0.047   10.520 v _37630_/ZN (XNOR2_X1)
                                             _05479_ (net)
     2    5.162    0.037    0.051   10.571 ^ _37631_/ZN (AOI21_X1)
                                             _05480_ (net)
     2    4.167    0.018    0.031   10.602 v _37632_/ZN (OAI21_X1)
                                             _05481_ (net)
     2    4.293    0.033    0.048   10.650 ^ _37633_/ZN (AOI21_X1)
                                             _05482_ (net)
     2    4.041    0.017    0.029   10.679 v _37634_/ZN (OAI21_X1)
                                             _05483_ (net)
     2    4.533    0.034    0.049   10.728 ^ _37635_/ZN (AOI21_X1)
                                             _05484_ (net)
     2    3.859    0.017    0.029   10.756 v _37636_/ZN (OAI21_X1)
                                             _05485_ (net)
     2    4.444    0.034    0.048   10.804 ^ _37637_/ZN (AOI21_X1)
                                             _05486_ (net)
     2    3.856    0.017    0.029   10.833 v _37638_/ZN (OAI21_X1)
                                             _05487_ (net)
     2    4.584    0.034    0.049   10.882 ^ _37639_/ZN (AOI21_X1)
                                             _05488_ (net)
     2    4.001    0.017    0.029   10.911 v _37640_/ZN (OAI21_X1)
                                             _05489_ (net)
     2    4.348    0.033    0.048   10.959 ^ _37641_/ZN (AOI21_X1)
                                             _05490_ (net)
     2    3.864    0.015    0.026   10.985 v _37644_/ZN (OAI21_X1)
                                             _05493_ (net)
     2    4.170    0.033    0.046   11.031 ^ _37645_/ZN (AOI21_X1)
                                             _05494_ (net)
     2    4.270    0.017    0.029   11.060 v _37646_/ZN (OAI21_X1)
                                             _05495_ (net)
     2    4.698    0.035    0.050   11.109 ^ _37647_/ZN (AOI21_X1)
                                             _05496_ (net)
     2    4.250    0.017    0.030   11.140 v _37648_/ZN (OAI21_X1)
                                             _05497_ (net)
     1    3.589    0.030    0.044   11.184 ^ _37649_/ZN (AOI21_X1)
                                             _05498_ (net)
     2    5.549    0.014    0.025   11.209 v _37650_/ZN (OAI21_X2)
                                             _05499_ (net)
     3   13.518    0.041    0.035   11.244 ^ _37656_/ZN (OAI21_X2)
                                             _05505_ (net)
    11   23.785    0.020    0.032   11.276 v _37658_/ZN (AOI21_X4)
                                             _05507_ (net)
     1    3.034    0.007    0.037   11.313 v _37744_/ZN (AND2_X1)
                                             _05593_ (net)
     3    6.151    0.027    0.045   11.358 ^ _37745_/ZN (AOI21_X2)
                                             _05594_ (net)
     2    4.041    0.029    0.049   11.407 ^ _37747_/ZN (XNOR2_X1)
                                             _05596_ (net)
     2    4.772    0.015    0.027   11.434 v _37756_/ZN (AOI21_X1)
                                             _05605_ (net)
     2    4.513    0.031    0.049   11.483 ^ _37757_/ZN (OAI21_X1)
                                             _05606_ (net)
     2    6.313    0.018    0.031   11.513 v _37758_/ZN (AOI21_X1)
                                             _05607_ (net)
     2    6.061    0.024    0.042   11.555 ^ _37759_/ZN (OAI21_X2)
                                             _05608_ (net)
     2    5.959    0.011    0.021   11.577 v _37760_/ZN (AOI21_X2)
                                             _05609_ (net)
     2    6.057    0.024    0.039   11.616 ^ _37761_/ZN (OAI21_X2)
                                             _05610_ (net)
     2    5.933    0.011    0.021   11.637 v _37762_/ZN (AOI21_X2)
                                             _05611_ (net)
     2    5.982    0.024    0.039   11.676 ^ _37763_/ZN (OAI21_X2)
                                             _05612_ (net)
     2    6.194    0.011    0.021   11.697 v _37764_/ZN (AOI21_X2)
                                             _05613_ (net)
     2    6.109    0.024    0.040   11.737 ^ _37765_/ZN (OAI21_X2)
                                             _05614_ (net)
     2    6.145    0.011    0.022   11.759 v _37766_/ZN (AOI21_X2)
                                             _05615_ (net)
     2    6.084    0.025    0.039   11.798 ^ _37767_/ZN (OAI21_X2)
                                             _05616_ (net)
     2    6.048    0.011    0.022   11.819 v _37768_/ZN (AOI21_X2)
                                             _05617_ (net)
     2    6.197    0.024    0.040   11.859 ^ _37769_/ZN (OAI21_X2)
                                             _05618_ (net)
     2    6.271    0.011    0.022   11.881 v _37770_/ZN (AOI21_X2)
                                             _05619_ (net)
     2    6.525    0.025    0.041   11.921 ^ _37771_/ZN (OAI21_X2)
                                             _05620_ (net)
     2    6.014    0.011    0.022   11.943 v _37772_/ZN (AOI21_X2)
                                             _05621_ (net)
     2    9.017    0.031    0.047   11.990 ^ _37773_/ZN (OAI21_X2)
                                             _05622_ (net)
     4   14.246    0.015    0.024   12.014 v _37774_/ZN (AOI21_X4)
                                             _05623_ (net)
     1    4.943    0.033    0.059   12.073 ^ _37869_/ZN (NOR3_X2)
                                             _05718_ (net)
     4    9.949    0.033    0.051   12.124 ^ _37870_/ZN (XNOR2_X2)
                                             _05719_ (net)
     1    1.750    0.010    0.014   12.138 v _37871_/ZN (NOR2_X1)
                                             _05720_ (net)
     2    4.951    0.036    0.056   12.194 ^ _37877_/ZN (AOI21_X1)
                                             _05726_ (net)
     2    4.319    0.018    0.031   12.225 v _37878_/ZN (OAI21_X1)
                                             _05727_ (net)
     2    4.299    0.033    0.048   12.273 ^ _37879_/ZN (AOI21_X1)
                                             _05728_ (net)
     2    4.027    0.017    0.029   12.302 v _37880_/ZN (OAI21_X1)
                                             _05729_ (net)
     2    4.604    0.034    0.049   12.351 ^ _37881_/ZN (AOI21_X1)
                                             _05730_ (net)
     2    3.901    0.017    0.029   12.380 v _37882_/ZN (OAI21_X1)
                                             _05731_ (net)
     2    4.422    0.034    0.048   12.428 ^ _37883_/ZN (AOI21_X1)
                                             _05732_ (net)
     2    3.775    0.016    0.029   12.456 v _37884_/ZN (OAI21_X1)
                                             _05733_ (net)
     2    4.385    0.033    0.048   12.504 ^ _37885_/ZN (AOI21_X1)
                                             _05734_ (net)
     2    4.005    0.017    0.029   12.533 v _37886_/ZN (OAI21_X1)
                                             _05735_ (net)
     2    4.660    0.035    0.049   12.582 ^ _37887_/ZN (AOI21_X1)
                                             _05736_ (net)
     2    4.090    0.017    0.030   12.612 v _37888_/ZN (OAI21_X1)
                                             _05737_ (net)
     2    4.193    0.033    0.047   12.659 ^ _37889_/ZN (AOI21_X1)
                                             _05738_ (net)
     2    3.811    0.015    0.025   12.684 v _37892_/ZN (OAI21_X1)
                                             _05741_ (net)
     2    4.291    0.033    0.047   12.731 ^ _37893_/ZN (AOI21_X1)
                                             _05742_ (net)
     2    3.929    0.017    0.029   12.759 v _37894_/ZN (OAI21_X1)
                                             _05743_ (net)
     2    5.116    0.037    0.051   12.811 ^ _37895_/ZN (AOI21_X1)
                                             _05744_ (net)
     2    5.362    0.019    0.034   12.845 v _37896_/ZN (OAI21_X1)
                                             _05745_ (net)
     2    6.455    0.028    0.043   12.888 ^ _37897_/ZN (AOI21_X2)
                                             _05746_ (net)
     3    9.062    0.016    0.029   12.917 v _37898_/ZN (OAI21_X2)
                                             _05747_ (net)
     3   11.375    0.027    0.040   12.957 ^ _37904_/ZN (AOI21_X4)
                                             _05753_ (net)
     2    5.184    0.015    0.039   12.996 ^ _37906_/ZN (OR2_X1)
                                             _05755_ (net)
     1    3.049    0.009    0.012   13.008 v _38006_/ZN (NOR2_X1)
                                             _05855_ (net)
     3    5.981    0.027    0.045   13.053 ^ _38007_/ZN (AOI21_X2)
                                             _05856_ (net)
     2    5.627    0.036    0.053   13.106 ^ _38009_/ZN (XNOR2_X1)
                                             _05858_ (net)
     2    6.477    0.015    0.024   13.130 v _38018_/ZN (AOI21_X2)
                                             _05867_ (net)
     2    6.419    0.025    0.042   13.172 ^ _38019_/ZN (OAI21_X2)
                                             _05868_ (net)
     2    6.162    0.015    0.022   13.194 v _38020_/ZN (AOI21_X2)
                                             _05869_ (net)
     2    6.367    0.025    0.042   13.236 ^ _38021_/ZN (OAI21_X2)
                                             _05870_ (net)
     2    6.202    0.015    0.022   13.257 v _38022_/ZN (AOI21_X2)
                                             _05871_ (net)
     2    5.946    0.024    0.041   13.298 ^ _38023_/ZN (OAI21_X2)
                                             _05872_ (net)
     2    5.897    0.011    0.021   13.319 v _38024_/ZN (AOI21_X2)
                                             _05873_ (net)
     2    6.049    0.024    0.039   13.358 ^ _38025_/ZN (OAI21_X2)
                                             _05874_ (net)
     2    5.940    0.011    0.021   13.380 v _38026_/ZN (AOI21_X2)
                                             _05875_ (net)
     2    5.969    0.024    0.039   13.419 ^ _38027_/ZN (OAI21_X2)
                                             _05876_ (net)
     2    6.188    0.011    0.021   13.440 v _38028_/ZN (AOI21_X2)
                                             _05877_ (net)
     2    6.269    0.025    0.040   13.480 ^ _38029_/ZN (OAI21_X2)
                                             _05878_ (net)
     2    6.023    0.011    0.022   13.502 v _38030_/ZN (AOI21_X2)
                                             _05879_ (net)
     2    6.109    0.024    0.040   13.541 ^ _38031_/ZN (OAI21_X2)
                                             _05880_ (net)
     2    6.047    0.011    0.021   13.562 v _38032_/ZN (AOI21_X2)
                                             _05881_ (net)
     2    6.162    0.024    0.040   13.602 ^ _38033_/ZN (OAI21_X2)
                                             _05882_ (net)
     2    6.569    0.012    0.022   13.624 v _38034_/ZN (AOI21_X2)
                                             _05883_ (net)
     2    5.946    0.024    0.039   13.663 ^ _38035_/ZN (OAI21_X2)
                                             _05884_ (net)
     2    8.037    0.013    0.024   13.687 v _38036_/ZN (AOI21_X2)
                                             _05885_ (net)
     3   14.929    0.028    0.039   13.726 ^ _38038_/ZN (OAI21_X4)
                                             _05887_ (net)
     5   20.667    0.031    0.040   13.766 v _38039_/ZN (OAI211_X4)
                                             _05888_ (net)
     8   18.725    0.029    0.051   13.818 ^ _38044_/ZN (NOR2_X4)
                                             _05893_ (net)
     3    5.578    0.014    0.071   13.889 v _38155_/Z (MUX2_X1)
                                             _06004_ (net)
     2    3.828    0.013    0.046   13.935 v _38157_/ZN (XNOR2_X1)
                                             _06006_ (net)
     2    4.531    0.031    0.043   13.977 ^ _38168_/ZN (OAI21_X1)
                                             _06017_ (net)
     2    4.361    0.015    0.026   14.003 v _38169_/ZN (AOI21_X1)
                                             _06018_ (net)
     2    4.590    0.031    0.049   14.052 ^ _38170_/ZN (OAI21_X1)
                                             _06019_ (net)
     2    4.332    0.013    0.026   14.078 v _38171_/ZN (AOI21_X1)
                                             _06020_ (net)
     2    4.703    0.032    0.049   14.127 ^ _38172_/ZN (OAI21_X1)
                                             _06021_ (net)
     2    4.189    0.015    0.026   14.153 v _38173_/ZN (AOI21_X1)
                                             _06022_ (net)
     2    4.241    0.030    0.047   14.200 ^ _38174_/ZN (OAI21_X1)
                                             _06023_ (net)
     2    4.121    0.013    0.025   14.225 v _38175_/ZN (AOI21_X1)
                                             _06024_ (net)
     2    4.314    0.030    0.047   14.271 ^ _38176_/ZN (OAI21_X1)
                                             _06025_ (net)
     2    4.157    0.013    0.025   14.297 v _38177_/ZN (AOI21_X1)
                                             _06026_ (net)
     2    4.256    0.030    0.046   14.343 ^ _38178_/ZN (OAI21_X1)
                                             _06027_ (net)
     2    4.312    0.013    0.026   14.368 v _38179_/ZN (AOI21_X1)
                                             _06028_ (net)
     2    4.324    0.030    0.047   14.415 ^ _38180_/ZN (OAI21_X1)
                                             _06029_ (net)
     2    4.139    0.013    0.025   14.440 v _38181_/ZN (AOI21_X1)
                                             _06030_ (net)
     2    4.318    0.030    0.047   14.487 ^ _38182_/ZN (OAI21_X1)
                                             _06031_ (net)
     2    6.125    0.016    0.030   14.517 v _38183_/ZN (AOI21_X1)
                                             _06032_ (net)
     2    5.884    0.025    0.041   14.558 ^ _38184_/ZN (OAI21_X2)
                                             _06033_ (net)
     3    8.428    0.013    0.024   14.582 v _38185_/ZN (AOI21_X2)
                                             _06034_ (net)
     2    3.901    0.045    0.083   14.665 ^ _38187_/ZN (NOR4_X2)
                                             _06036_ (net)
     2   11.888    0.020    0.034   14.698 v _38193_/ZN (NOR2_X1)
                                             _06042_ (net)
     6   17.917    0.047    0.078   14.777 ^ _38194_/ZN (NOR3_X4)
                                             _06043_ (net)
    22   46.507    0.016    0.038   14.815 ^ max_cap34/Z (BUF_X8)
                                             net34 (net)
     3    7.088    0.015    0.073   14.888 v _38306_/Z (MUX2_X1)
                                             _06155_ (net)
     1    3.068    0.007    0.037   14.925 v _38307_/ZN (AND2_X1)
                                             _06156_ (net)
     2    6.775    0.029    0.046   14.971 ^ _38317_/ZN (AOI21_X2)
                                             _06166_ (net)
     2    5.747    0.014    0.025   14.996 v _38318_/ZN (OAI21_X2)
                                             _06167_ (net)
     2    6.249    0.028    0.041   15.037 ^ _38319_/ZN (AOI21_X2)
                                             _06168_ (net)
     2    5.690    0.014    0.024   15.061 v _38320_/ZN (OAI21_X2)
                                             _06169_ (net)
     2    6.035    0.027    0.040   15.101 ^ _38321_/ZN (AOI21_X2)
                                             _06170_ (net)
     2    5.591    0.014    0.024   15.125 v _38322_/ZN (OAI21_X2)
                                             _06171_ (net)
     2    5.927    0.027    0.040   15.165 ^ _38323_/ZN (AOI21_X2)
                                             _06172_ (net)
     2    5.396    0.014    0.024   15.189 v _38324_/ZN (OAI21_X2)
                                             _06173_ (net)
     2    6.192    0.028    0.040   15.229 ^ _38325_/ZN (AOI21_X2)
                                             _06174_ (net)
     2    5.418    0.014    0.024   15.253 v _38326_/ZN (OAI21_X2)
                                             _06175_ (net)
     2    6.186    0.028    0.040   15.293 ^ _38327_/ZN (AOI21_X2)
                                             _06176_ (net)
     2    5.429    0.014    0.024   15.317 v _38328_/ZN (OAI21_X2)
                                             _06177_ (net)
     2    6.128    0.027    0.040   15.357 ^ _38329_/ZN (AOI21_X2)
                                             _06178_ (net)
     2    5.416    0.014    0.024   15.381 v _38330_/ZN (OAI21_X2)
                                             _06179_ (net)
     2    6.050    0.027    0.040   15.421 ^ _38331_/ZN (AOI21_X2)
                                             _06180_ (net)
     2    5.620    0.014    0.024   15.445 v _38332_/ZN (OAI21_X2)
                                             _06181_ (net)
     2    7.203    0.030    0.043   15.488 ^ _38333_/ZN (AOI21_X2)
                                             _06182_ (net)
     2    5.254    0.014    0.025   15.512 v _38334_/ZN (OAI21_X2)
                                             _06183_ (net)
     2    6.223    0.028    0.040   15.553 ^ _38335_/ZN (AOI21_X2)
                                             _06184_ (net)
     2    5.404    0.014    0.024   15.577 v _38336_/ZN (OAI21_X2)
                                             _06185_ (net)
     2    6.205    0.028    0.040   15.617 ^ _38337_/ZN (AOI21_X2)
                                             _06186_ (net)
     2    7.853    0.015    0.027   15.644 v _38338_/ZN (OAI21_X2)
                                             _06187_ (net)
     3   14.368    0.030    0.044   15.687 ^ _38345_/ZN (AOI21_X4)
                                             _06194_ (net)
     1    4.665    0.011    0.017   15.704 v _38462_/ZN (NOR3_X2)
                                             _06311_ (net)
     3    8.209    0.029    0.045   15.750 ^ _38463_/ZN (XNOR2_X2)
                                             _06312_ (net)
     2    5.493    0.035    0.053   15.803 ^ _38465_/ZN (XNOR2_X1)
                                             _06314_ (net)
     2    6.511    0.015    0.024   15.827 v _38469_/ZN (AOI21_X2)
                                             _06318_ (net)
     2    6.239    0.025    0.042   15.869 ^ _38470_/ZN (OAI21_X2)
                                             _06319_ (net)
     2    6.244    0.015    0.022   15.890 v _38471_/ZN (AOI21_X2)
                                             _06320_ (net)
     2    6.327    0.025    0.042   15.932 ^ _38472_/ZN (OAI21_X2)
                                             _06321_ (net)
     2    6.128    0.015    0.022   15.954 v _38473_/ZN (AOI21_X2)
                                             _06322_ (net)
     2    6.342    0.025    0.042   15.995 ^ _38474_/ZN (OAI21_X2)
                                             _06323_ (net)
     2    6.091    0.015    0.022   16.017 v _38475_/ZN (AOI21_X2)
                                             _06324_ (net)
     2    6.389    0.025    0.042   16.058 ^ _38476_/ZN (OAI21_X2)
                                             _06325_ (net)
     2    5.903    0.015    0.021   16.080 v _38477_/ZN (AOI21_X2)
                                             _06326_ (net)
     2    6.255    0.025    0.041   16.121 ^ _38478_/ZN (OAI21_X2)
                                             _06327_ (net)
     2    5.889    0.013    0.021   16.142 v _38479_/ZN (AOI21_X2)
                                             _06328_ (net)
     2    6.031    0.024    0.040   16.182 ^ _38480_/ZN (OAI21_X2)
                                             _06329_ (net)
     2    5.940    0.011    0.021   16.203 v _38481_/ZN (AOI21_X2)
                                             _06330_ (net)
     2    6.063    0.024    0.039   16.242 ^ _38482_/ZN (OAI21_X2)
                                             _06331_ (net)
     2    5.948    0.011    0.021   16.264 v _38483_/ZN (AOI21_X2)
                                             _06332_ (net)
     2    5.966    0.024    0.039   16.303 ^ _38484_/ZN (OAI21_X2)
                                             _06333_ (net)
     2    6.113    0.011    0.021   16.324 v _38485_/ZN (AOI21_X2)
                                             _06334_ (net)
     2    6.274    0.026    0.040   16.364 ^ _38486_/ZN (OAI21_X2)
                                             _06335_ (net)
     2    6.957    0.012    0.023   16.387 v _38487_/ZN (AOI21_X2)
                                             _06336_ (net)
     2    6.170    0.024    0.040   16.427 ^ _38488_/ZN (OAI21_X2)
                                             _06337_ (net)
     2    5.953    0.011    0.021   16.448 v _38489_/ZN (AOI21_X2)
                                             _06338_ (net)
     2    6.231    0.025    0.040   16.488 ^ _38490_/ZN (OAI21_X2)
                                             _06339_ (net)
     3    7.619    0.013    0.023   16.512 v _38491_/ZN (AOI21_X2)
                                             _06340_ (net)
     2    8.361    0.030    0.046   16.558 ^ _38492_/ZN (OAI21_X2)
                                             _06341_ (net)
     4   13.884    0.015    0.024   16.581 v _38494_/ZN (AOI21_X4)
                                             _06343_ (net)
     2    5.143    0.034    0.060   16.641 ^ _38625_/ZN (NOR3_X2)
                                             _06474_ (net)
     2    4.452    0.031    0.051   16.692 ^ _38626_/ZN (XNOR2_X1)
                                             _06475_ (net)
     2    4.015    0.029    0.050   16.742 ^ _38629_/ZN (XNOR2_X1)
                                             _06478_ (net)
     2    4.434    0.015    0.026   16.768 v _38634_/ZN (AOI21_X1)
                                             _06483_ (net)
     2    4.790    0.032    0.050   16.818 ^ _38635_/ZN (OAI21_X1)
                                             _06484_ (net)
     2    4.391    0.015    0.026   16.844 v _38636_/ZN (AOI21_X1)
                                             _06485_ (net)
     2    4.739    0.032    0.050   16.894 ^ _38637_/ZN (OAI21_X1)
                                             _06486_ (net)
     2    4.421    0.014    0.026   16.920 v _38638_/ZN (AOI21_X1)
                                             _06487_ (net)
     2    4.597    0.031    0.048   16.968 ^ _38639_/ZN (OAI21_X1)
                                             _06488_ (net)
     2    5.601    0.017    0.029   16.997 v _38640_/ZN (AOI21_X1)
                                             _06489_ (net)
     2    6.295    0.025    0.042   17.039 ^ _38641_/ZN (OAI21_X2)
                                             _06490_ (net)
     2    5.989    0.015    0.021   17.061 v _38642_/ZN (AOI21_X2)
                                             _06491_ (net)
     2    6.287    0.025    0.041   17.102 ^ _38643_/ZN (OAI21_X2)
                                             _06492_ (net)
     2    5.664    0.016    0.021   17.123 v _38644_/ZN (AOI21_X2)
                                             _06493_ (net)
     2    6.399    0.025    0.042   17.165 ^ _38645_/ZN (OAI21_X2)
                                             _06494_ (net)
     2    5.676    0.010    0.021   17.186 v _38646_/ZN (AOI21_X2)
                                             _06495_ (net)
     2    6.290    0.025    0.040   17.226 ^ _38647_/ZN (OAI21_X2)
                                             _06496_ (net)
     2    5.809    0.010    0.021   17.247 v _38648_/ZN (AOI21_X2)
                                             _06497_ (net)
     2    6.326    0.025    0.040   17.287 ^ _38649_/ZN (OAI21_X2)
                                             _06498_ (net)
     2    5.659    0.010    0.021   17.308 v _38650_/ZN (AOI21_X2)
                                             _06499_ (net)
     2    6.579    0.026    0.040   17.348 ^ _38651_/ZN (OAI21_X2)
                                             _06500_ (net)
     2    5.607    0.010    0.021   17.369 v _38652_/ZN (AOI21_X2)
                                             _06501_ (net)
     2    7.089    0.026    0.042   17.411 ^ _38653_/ZN (OAI21_X2)
                                             _06502_ (net)
     2    5.709    0.011    0.022   17.433 v _38654_/ZN (AOI21_X2)
                                             _06503_ (net)
     2    6.315    0.025    0.040   17.472 ^ _38655_/ZN (OAI21_X2)
                                             _06504_ (net)
     2    5.770    0.010    0.021   17.493 v _38656_/ZN (AOI21_X2)
                                             _06505_ (net)
     3    8.131    0.029    0.044   17.538 ^ _38657_/ZN (OAI21_X2)
                                             _06506_ (net)
     3   11.084    0.022    0.038   17.576 v _38663_/ZN (NAND3_X2)
                                             _06512_ (net)
    18   37.620    0.055    0.068   17.644 ^ _38665_/ZN (AOI21_X4)
                                             _06514_ (net)
     3    5.734    0.014    0.075   17.719 v _38798_/Z (MUX2_X1)
                                             _06647_ (net)
     2    4.006    0.029    0.046   17.765 ^ _38800_/ZN (XNOR2_X1)
                                             _06649_ (net)
     2    4.014    0.017    0.025   17.790 v _38809_/ZN (OAI21_X1)
                                             _06658_ (net)
     2    4.972    0.036    0.051   17.840 ^ _38810_/ZN (AOI21_X1)
                                             _06659_ (net)
     2    4.202    0.018    0.031   17.871 v _38811_/ZN (OAI21_X1)
                                             _06660_ (net)
     2    4.481    0.034    0.049   17.920 ^ _38812_/ZN (AOI21_X1)
                                             _06661_ (net)
     2    4.146    0.017    0.030   17.949 v _38813_/ZN (OAI21_X1)
                                             _06662_ (net)
     2    4.223    0.033    0.047   17.996 ^ _38814_/ZN (AOI21_X1)
                                             _06663_ (net)
     2    3.868    0.016    0.028   18.025 v _38815_/ZN (OAI21_X1)
                                             _06664_ (net)
     2    4.230    0.033    0.047   18.072 ^ _38816_/ZN (AOI21_X1)
                                             _06665_ (net)
     2    4.102    0.017    0.029   18.101 v _38817_/ZN (OAI21_X1)
                                             _06666_ (net)
     2    4.085    0.032    0.046   18.147 ^ _38818_/ZN (AOI21_X1)
                                             _06667_ (net)
     2    3.750    0.016    0.028   18.175 v _38819_/ZN (OAI21_X1)
                                             _06668_ (net)
     2    4.545    0.034    0.048   18.223 ^ _38820_/ZN (AOI21_X1)
                                             _06669_ (net)
     2    3.796    0.017    0.029   18.252 v _38821_/ZN (OAI21_X1)
                                             _06670_ (net)
     2    4.512    0.034    0.048   18.300 ^ _38822_/ZN (AOI21_X1)
                                             _06671_ (net)
     2    3.793    0.017    0.029   18.329 v _38823_/ZN (OAI21_X1)
                                             _06672_ (net)
     2    4.298    0.033    0.047   18.376 ^ _38824_/ZN (AOI21_X1)
                                             _06673_ (net)
     2    3.774    0.016    0.028   18.405 v _38825_/ZN (OAI21_X1)
                                             _06674_ (net)
     2    4.525    0.034    0.048   18.453 ^ _38826_/ZN (AOI21_X1)
                                             _06675_ (net)
     2    3.736    0.017    0.029   18.482 v _38827_/ZN (OAI21_X1)
                                             _06676_ (net)
     2    5.110    0.037    0.051   18.533 ^ _38828_/ZN (AOI21_X1)
                                             _06677_ (net)
     2    3.886    0.017    0.030   18.563 v _38829_/ZN (OAI21_X1)
                                             _06678_ (net)
     2    4.275    0.033    0.047   18.610 ^ _38830_/ZN (AOI21_X1)
                                             _06679_ (net)
     2    3.801    0.016    0.028   18.639 v _38831_/ZN (OAI21_X1)
                                             _06680_ (net)
     2    4.389    0.034    0.048   18.686 ^ _38832_/ZN (AOI21_X1)
                                             _06681_ (net)
     2    4.881    0.018    0.031   18.718 v _38833_/ZN (OAI21_X1)
                                             _06682_ (net)
     2   10.790    0.038    0.053   18.771 ^ _38839_/ZN (AOI21_X2)
                                             _06688_ (net)
    18   32.718    0.016    0.024   18.795 v _38840_/ZN (NOR2_X4)
                                             _06689_ (net)
     3    4.702    0.009    0.046   18.841 v _38968_/ZN (AND3_X1)
                                             _06817_ (net)
     1    1.874    0.028    0.046   18.887 ^ _38972_/ZN (NOR3_X1)
                                             _06821_ (net)
     2    4.393    0.016    0.025   18.913 v _38977_/ZN (OAI21_X1)
                                             _06826_ (net)
     2    4.241    0.033    0.047   18.960 ^ _38978_/ZN (AOI21_X1)
                                             _06827_ (net)
     2    3.961    0.017    0.029   18.989 v _38979_/ZN (OAI21_X1)
                                             _06828_ (net)
     2    4.900    0.036    0.050   19.039 ^ _38980_/ZN (AOI21_X1)
                                             _06829_ (net)
     2    4.086    0.017    0.030   19.069 v _38981_/ZN (OAI21_X1)
                                             _06830_ (net)
     2    4.573    0.034    0.049   19.118 ^ _38982_/ZN (AOI21_X1)
                                             _06831_ (net)
     2    4.192    0.017    0.030   19.148 v _38983_/ZN (OAI21_X1)
                                             _06832_ (net)
     2    4.182    0.033    0.047   19.195 ^ _38984_/ZN (AOI21_X1)
                                             _06833_ (net)
     2    3.946    0.016    0.029   19.223 v _38985_/ZN (OAI21_X1)
                                             _06834_ (net)
     2    4.251    0.033    0.047   19.270 ^ _38986_/ZN (AOI21_X1)
                                             _06835_ (net)
     2    4.069    0.017    0.029   19.299 v _38987_/ZN (OAI21_X1)
                                             _06836_ (net)
     2    4.224    0.033    0.047   19.346 ^ _38988_/ZN (AOI21_X1)
                                             _06837_ (net)
     2    3.736    0.016    0.028   19.374 v _38989_/ZN (OAI21_X1)
                                             _06838_ (net)
     2    4.549    0.034    0.048   19.423 ^ _38990_/ZN (AOI21_X1)
                                             _06839_ (net)
     2    3.731    0.017    0.029   19.451 v _38991_/ZN (OAI21_X1)
                                             _06840_ (net)
     2    4.535    0.034    0.048   19.500 ^ _38992_/ZN (AOI21_X1)
                                             _06841_ (net)
     2    3.744    0.017    0.029   19.529 v _38993_/ZN (OAI21_X1)
                                             _06842_ (net)
     2    4.549    0.034    0.048   19.577 ^ _38994_/ZN (AOI21_X1)
                                             _06843_ (net)
     2    3.791    0.017    0.029   19.606 v _38995_/ZN (OAI21_X1)
                                             _06844_ (net)
     2    4.912    0.036    0.050   19.656 ^ _38996_/ZN (AOI21_X1)
                                             _06845_ (net)
     2    3.821    0.017    0.029   19.686 v _38997_/ZN (OAI21_X1)
                                             _06846_ (net)
     2    4.961    0.036    0.051   19.736 ^ _38998_/ZN (AOI21_X1)
                                             _06847_ (net)
     2    4.084    0.017    0.030   19.767 v _38999_/ZN (OAI21_X1)
                                             _06848_ (net)
     2    4.494    0.034    0.049   19.815 ^ _39000_/ZN (AOI21_X1)
                                             _06849_ (net)
     2    3.904    0.017    0.029   19.844 v _39001_/ZN (OAI21_X1)
                                             _06850_ (net)
     2    4.296    0.033    0.047   19.891 ^ _39002_/ZN (AOI21_X1)
                                             _06851_ (net)
     2    5.000    0.018    0.031   19.923 v _39003_/ZN (OAI21_X1)
                                             _06852_ (net)
     3   10.273    0.037    0.052   19.975 ^ _39010_/ZN (AOI21_X2)
                                             _06859_ (net)
     1    4.507    0.015    0.023   19.998 v _39156_/ZN (NOR3_X1)
                                             _07005_ (net)
     4    9.906    0.033    0.051   20.049 ^ _39157_/ZN (XNOR2_X2)
                                             _07006_ (net)
     1    1.703    0.010    0.014   20.063 v _39158_/ZN (NOR2_X1)
                                             _07007_ (net)
     2    5.403    0.038    0.059   20.122 ^ _39165_/ZN (AOI21_X1)
                                             _07014_ (net)
     2    4.104    0.018    0.031   20.153 v _39166_/ZN (OAI21_X1)
                                             _07015_ (net)
     2    4.327    0.033    0.048   20.201 ^ _39167_/ZN (AOI21_X1)
                                             _07016_ (net)
     2    4.167    0.017    0.029   20.230 v _39168_/ZN (OAI21_X1)
                                             _07017_ (net)
     2    4.867    0.036    0.050   20.280 ^ _39169_/ZN (AOI21_X1)
                                             _07018_ (net)
     2    4.036    0.017    0.030   20.310 v _39170_/ZN (OAI21_X1)
                                             _07019_ (net)
     2    4.407    0.034    0.048   20.358 ^ _39171_/ZN (AOI21_X1)
                                             _07020_ (net)
     2    3.848    0.017    0.029   20.387 v _39172_/ZN (OAI21_X1)
                                             _07021_ (net)
     2    4.414    0.034    0.048   20.435 ^ _39173_/ZN (AOI21_X1)
                                             _07022_ (net)
     2    3.823    0.017    0.029   20.463 v _39174_/ZN (OAI21_X1)
                                             _07023_ (net)
     2    4.484    0.034    0.048   20.512 ^ _39175_/ZN (AOI21_X1)
                                             _07024_ (net)
     2    3.789    0.017    0.029   20.540 v _39176_/ZN (OAI21_X1)
                                             _07025_ (net)
     2    4.462    0.034    0.048   20.588 ^ _39177_/ZN (AOI21_X1)
                                             _07026_ (net)
     2    3.804    0.017    0.029   20.617 v _39178_/ZN (OAI21_X1)
                                             _07027_ (net)
     2    4.412    0.034    0.048   20.665 ^ _39179_/ZN (AOI21_X1)
                                             _07028_ (net)
     2    3.747    0.016    0.028   20.693 v _39180_/ZN (OAI21_X1)
                                             _07029_ (net)
     2    4.482    0.034    0.048   20.741 ^ _39181_/ZN (AOI21_X1)
                                             _07030_ (net)
     2    3.798    0.017    0.029   20.770 v _39182_/ZN (OAI21_X1)
                                             _07031_ (net)
     2    4.570    0.034    0.049   20.819 ^ _39183_/ZN (AOI21_X1)
                                             _07032_ (net)
     2    3.927    0.017    0.029   20.848 v _39184_/ZN (OAI21_X1)
                                             _07033_ (net)
     2    4.559    0.034    0.049   20.896 ^ _39185_/ZN (AOI21_X1)
                                             _07034_ (net)
     2    3.675    0.016    0.029   20.925 v _39186_/ZN (OAI21_X1)
                                             _07035_ (net)
     2    4.645    0.035    0.049   20.974 ^ _39187_/ZN (AOI21_X1)
                                             _07036_ (net)
     2    4.344    0.017    0.030   21.004 v _39188_/ZN (OAI21_X1)
                                             _07037_ (net)
     2    4.604    0.035    0.049   21.054 ^ _39189_/ZN (AOI21_X1)
                                             _07038_ (net)
     2    3.677    0.017    0.029   21.082 v _39190_/ZN (OAI21_X1)
                                             _07039_ (net)
     2    4.506    0.034    0.048   21.130 ^ _39191_/ZN (AOI21_X1)
                                             _07040_ (net)
     2    7.835    0.022    0.039   21.169 v _39192_/ZN (OAI21_X1)
                                             _07041_ (net)
     4   14.500    0.031    0.042   21.211 ^ _39194_/ZN (AOI21_X4)
                                             _07043_ (net)
    17   37.301    0.015    0.024   21.235 v _39195_/ZN (NOR2_X4)
                                             _07044_ (net)
     3    4.611    0.035    0.044   21.278 ^ _39328_/ZN (AOI21_X1)
                                             _07177_ (net)
     1    1.582    0.014    0.014   21.293 v _39332_/ZN (NOR3_X1)
                                             _07181_ (net)
     2    5.050    0.033    0.046   21.338 ^ _39337_/ZN (OAI21_X1)
                                             _07186_ (net)
     2    4.744    0.014    0.028   21.366 v _39338_/ZN (AOI21_X1)
                                             _07187_ (net)
     2    4.441    0.030    0.048   21.414 ^ _39339_/ZN (OAI21_X1)
                                             _07188_ (net)
     2    4.195    0.015    0.025   21.439 v _39340_/ZN (AOI21_X1)
                                             _07189_ (net)
     2    4.670    0.031    0.049   21.489 ^ _39341_/ZN (OAI21_X1)
                                             _07190_ (net)
     2    4.848    0.014    0.027   21.516 v _39342_/ZN (AOI21_X1)
                                             _07191_ (net)
     2    4.314    0.030    0.047   21.563 ^ _39343_/ZN (OAI21_X1)
                                             _07192_ (net)
     2    4.140    0.013    0.025   21.588 v _39344_/ZN (AOI21_X1)
                                             _07193_ (net)
     2    4.268    0.030    0.046   21.635 ^ _39345_/ZN (OAI21_X1)
                                             _07194_ (net)
     2    4.325    0.013    0.026   21.660 v _39346_/ZN (AOI21_X1)
                                             _07195_ (net)
     2    4.178    0.029    0.046   21.706 ^ _39347_/ZN (OAI21_X1)
                                             _07196_ (net)
     2    4.257    0.013    0.025   21.732 v _39348_/ZN (AOI21_X1)
                                             _07197_ (net)
     2    4.378    0.030    0.047   21.779 ^ _39349_/ZN (OAI21_X1)
                                             _07198_ (net)
     2    4.123    0.013    0.025   21.804 v _39350_/ZN (AOI21_X1)
                                             _07199_ (net)
     2    4.114    0.029    0.046   21.849 ^ _39351_/ZN (OAI21_X1)
                                             _07200_ (net)
     2    5.939    0.016    0.029   21.879 v _39352_/ZN (AOI21_X1)
                                             _07201_ (net)
     2    5.962    0.024    0.041   21.919 ^ _39353_/ZN (OAI21_X2)
                                             _07202_ (net)
     4   12.501    0.015    0.029   21.948 v _39354_/ZN (AOI21_X2)
                                             _07203_ (net)
     2    5.553    0.040    0.081   22.029 ^ _39357_/ZN (NOR4_X4)
                                             _07206_ (net)
     2    7.322    0.021    0.035   22.065 v _39364_/ZN (OAI211_X2)
                                             _07213_ (net)
     4   12.939    0.025    0.040   22.105 ^ _39368_/ZN (OAI21_X4)
                                             _07217_ (net)
     4   17.724    0.021    0.032   22.137 v _39393_/ZN (NAND3_X4)
                                             _07242_ (net)
     9   20.774    0.037    0.048   22.184 ^ _39396_/ZN (AOI21_X4)
                                             _07245_ (net)
     3    6.082    0.014    0.074   22.259 v _39547_/Z (MUX2_X1)
                                             _07396_ (net)
     2    5.004    0.015    0.048   22.307 v _39550_/ZN (XNOR2_X1)
                                             _07399_ (net)
     2    6.642    0.029    0.037   22.344 ^ _39558_/ZN (AOI21_X2)
                                             _07407_ (net)
     2    6.040    0.015    0.025   22.369 v _39559_/ZN (OAI21_X2)
                                             _07408_ (net)
     2    6.072    0.027    0.040   22.409 ^ _39560_/ZN (AOI21_X2)
                                             _07409_ (net)
     2    5.519    0.014    0.024   22.434 v _39561_/ZN (OAI21_X2)
                                             _07410_ (net)
     2    6.283    0.028    0.040   22.474 ^ _39562_/ZN (AOI21_X2)
                                             _07411_ (net)
     2    6.369    0.015    0.025   22.499 v _39563_/ZN (OAI21_X2)
                                             _07412_ (net)
     2    5.723    0.027    0.040   22.539 ^ _39564_/ZN (AOI21_X2)
                                             _07413_ (net)
     2    5.578    0.013    0.024   22.563 v _39565_/ZN (OAI21_X2)
                                             _07414_ (net)
     2    5.922    0.027    0.039   22.602 ^ _39566_/ZN (AOI21_X2)
                                             _07415_ (net)
     2    5.589    0.014    0.024   22.627 v _39567_/ZN (OAI21_X2)
                                             _07416_ (net)
     2    5.855    0.027    0.039   22.666 ^ _39568_/ZN (AOI21_X2)
                                             _07417_ (net)
     2    5.565    0.014    0.024   22.690 v _39569_/ZN (OAI21_X2)
                                             _07418_ (net)
     2    5.823    0.027    0.039   22.729 ^ _39570_/ZN (AOI21_X2)
                                             _07419_ (net)
     2    5.575    0.014    0.024   22.753 v _39571_/ZN (OAI21_X2)
                                             _07420_ (net)
     2    5.859    0.027    0.039   22.792 ^ _39572_/ZN (AOI21_X2)
                                             _07421_ (net)
     2    5.565    0.013    0.021   22.813 v _39574_/ZN (OAI21_X2)
                                             _07423_ (net)
     2    6.377    0.028    0.040   22.853 ^ _39575_/ZN (AOI21_X2)
                                             _07424_ (net)
     2    5.565    0.014    0.025   22.878 v _39576_/ZN (OAI21_X2)
                                             _07425_ (net)
     2    5.807    0.027    0.039   22.917 ^ _39577_/ZN (AOI21_X2)
                                             _07426_ (net)
     2    5.610    0.014    0.024   22.941 v _39578_/ZN (OAI21_X2)
                                             _07427_ (net)
     2    5.939    0.027    0.039   22.980 ^ _39579_/ZN (AOI21_X2)
                                             _07428_ (net)
     2    5.868    0.014    0.024   23.005 v _39580_/ZN (OAI21_X2)
                                             _07429_ (net)
     2    5.857    0.027    0.039   23.044 ^ _39581_/ZN (AOI21_X2)
                                             _07430_ (net)
     2    6.186    0.014    0.025   23.069 v _39582_/ZN (OAI21_X2)
                                             _07431_ (net)
     2    6.095    0.027    0.040   23.109 ^ _39583_/ZN (AOI21_X2)
                                             _07432_ (net)
     2    5.754    0.014    0.024   23.134 v _39584_/ZN (OAI21_X2)
                                             _07433_ (net)
     2    5.869    0.027    0.039   23.173 ^ _39585_/ZN (AOI21_X2)
                                             _07434_ (net)
     2    8.347    0.016    0.027   23.200 v _39586_/ZN (OAI21_X2)
                                             _07435_ (net)
     4   20.029    0.036    0.050   23.251 ^ _39587_/ZN (AOI21_X4)
                                             _07436_ (net)
     5   12.969    0.029    0.025   23.275 v _39589_/ZN (OAI21_X4)
                                             _07438_ (net)
     4    8.546    0.017    0.070   23.346 v _39727_/Z (MUX2_X1)
                                             _07576_ (net)
     1    1.882    0.018    0.033   23.379 ^ _39729_/ZN (NOR2_X1)
                                             _07578_ (net)
     2    3.920    0.016    0.022   23.400 v _39731_/ZN (OAI21_X1)
                                             _07580_ (net)
     2    4.389    0.034    0.047   23.448 ^ _39732_/ZN (AOI21_X1)
                                             _07581_ (net)
     2    4.700    0.018    0.031   23.478 v _39733_/ZN (OAI21_X1)
                                             _07582_ (net)
     2    4.327    0.033    0.048   23.527 ^ _39734_/ZN (AOI21_X1)
                                             _07583_ (net)
     2    3.945    0.017    0.029   23.555 v _39735_/ZN (OAI21_X1)
                                             _07584_ (net)
     2    4.325    0.033    0.047   23.603 ^ _39736_/ZN (AOI21_X1)
                                             _07585_ (net)
     2    4.155    0.017    0.029   23.632 v _39737_/ZN (OAI21_X1)
                                             _07586_ (net)
     2    5.152    0.037    0.052   23.684 ^ _39738_/ZN (AOI21_X1)
                                             _07587_ (net)
     2    3.882    0.017    0.030   23.714 v _39739_/ZN (OAI21_X1)
                                             _07588_ (net)
     2    4.514    0.034    0.049   23.763 ^ _39740_/ZN (AOI21_X1)
                                             _07589_ (net)
     2    3.958    0.017    0.029   23.792 v _39741_/ZN (OAI21_X1)
                                             _07590_ (net)
     2    4.419    0.034    0.048   23.840 ^ _39742_/ZN (AOI21_X1)
                                             _07591_ (net)
     2    3.884    0.017    0.029   23.868 v _39743_/ZN (OAI21_X1)
                                             _07592_ (net)
     2    4.298    0.033    0.047   23.916 ^ _39744_/ZN (AOI21_X1)
                                             _07593_ (net)
     2    3.866    0.016    0.029   23.944 v _39745_/ZN (OAI21_X1)
                                             _07594_ (net)
     2    4.424    0.034    0.048   23.992 ^ _39746_/ZN (AOI21_X1)
                                             _07595_ (net)
     2    4.053    0.017    0.029   24.021 v _39747_/ZN (OAI21_X1)
                                             _07596_ (net)
     2    4.705    0.035    0.045   24.066 ^ _39749_/ZN (AOI21_X1)
                                             _07598_ (net)
     2    3.998    0.017    0.030   24.095 v _39750_/ZN (OAI21_X1)
                                             _07599_ (net)
     2    4.317    0.033    0.048   24.143 ^ _39751_/ZN (AOI21_X1)
                                             _07600_ (net)
     2    3.814    0.016    0.028   24.171 v _39752_/ZN (OAI21_X1)
                                             _07601_ (net)
     2    4.523    0.034    0.048   24.220 ^ _39753_/ZN (AOI21_X1)
                                             _07602_ (net)
     2    3.901    0.017    0.029   24.249 v _39754_/ZN (OAI21_X1)
                                             _07603_ (net)
     2    4.465    0.034    0.048   24.297 ^ _39755_/ZN (AOI21_X1)
                                             _07604_ (net)
     2    3.782    0.017    0.029   24.326 v _39756_/ZN (OAI21_X1)
                                             _07605_ (net)
     2    5.017    0.036    0.051   24.376 ^ _39757_/ZN (AOI21_X1)
                                             _07606_ (net)
     2    5.518    0.019    0.034   24.411 v _39758_/ZN (OAI21_X1)
                                             _07607_ (net)
     4    8.161    0.032    0.048   24.458 ^ _39759_/ZN (AOI21_X2)
                                             _07608_ (net)
     3   13.717    0.018    0.045   24.503 ^ _39775_/ZN (OR3_X2)
                                             _07624_ (net)
    22   50.806    0.024    0.030   24.534 v _39779_/ZN (NAND2_X4)
                                             _07628_ (net)
     4    5.572    0.014    0.070   24.604 v _39916_/Z (MUX2_X1)
                                             _07765_ (net)
     1    1.481    0.009    0.051   24.655 v _39928_/ZN (OR2_X1)
                                             _07777_ (net)
     2    4.740    0.035    0.046   24.701 ^ _39929_/ZN (AOI21_X1)
                                             _07778_ (net)
     2    4.537    0.018    0.031   24.732 v _39930_/ZN (OAI21_X1)
                                             _07779_ (net)
     2    4.496    0.034    0.049   24.781 ^ _39931_/ZN (AOI21_X1)
                                             _07780_ (net)
     2    3.714    0.016    0.028   24.810 v _39932_/ZN (OAI21_X1)
                                             _07781_ (net)
     2    4.526    0.034    0.048   24.858 ^ _39933_/ZN (AOI21_X1)
                                             _07782_ (net)
     2    3.993    0.017    0.029   24.887 v _39934_/ZN (OAI21_X1)
                                             _07783_ (net)
     2    4.946    0.036    0.051   24.938 ^ _39935_/ZN (AOI21_X1)
                                             _07784_ (net)
     2    3.772    0.017    0.029   24.967 v _39936_/ZN (OAI21_X1)
                                             _07785_ (net)
     2    4.398    0.034    0.048   25.015 ^ _39937_/ZN (AOI21_X1)
                                             _07786_ (net)
     2    3.759    0.016    0.028   25.044 v _39938_/ZN (OAI21_X1)
                                             _07787_ (net)
     2    4.412    0.034    0.048   25.091 ^ _39939_/ZN (AOI21_X1)
                                             _07788_ (net)
     2    3.779    0.016    0.029   25.120 v _39940_/ZN (OAI21_X1)
                                             _07789_ (net)
     2    4.337    0.033    0.047   25.167 ^ _39941_/ZN (AOI21_X1)
                                             _07790_ (net)
     2    3.941    0.017    0.029   25.196 v _39942_/ZN (OAI21_X1)
                                             _07791_ (net)
     2    4.266    0.033    0.047   25.243 ^ _39943_/ZN (AOI21_X1)
                                             _07792_ (net)
     2    4.136    0.017    0.029   25.272 v _39944_/ZN (OAI21_X1)
                                             _07793_ (net)
     2    4.395    0.034    0.048   25.320 ^ _39945_/ZN (AOI21_X1)
                                             _07794_ (net)
     2    3.947    0.017    0.029   25.349 v _39946_/ZN (OAI21_X1)
                                             _07795_ (net)
     2    4.366    0.033    0.048   25.397 ^ _39947_/ZN (AOI21_X1)
                                             _07796_ (net)
     2    3.877    0.017    0.029   25.426 v _39948_/ZN (OAI21_X1)
                                             _07797_ (net)
     2    4.328    0.033    0.047   25.473 ^ _39949_/ZN (AOI21_X1)
                                             _07798_ (net)
     2    5.534    0.019    0.033   25.506 v _39950_/ZN (OAI21_X1)
                                             _07799_ (net)
     2    5.376    0.026    0.040   25.546 ^ _39951_/ZN (AOI21_X2)
                                             _07800_ (net)
     2    3.786    0.015    0.026   25.573 v _39952_/ZN (OAI21_X1)
                                             _07801_ (net)
     2    4.434    0.034    0.047   25.620 ^ _39953_/ZN (AOI21_X1)
                                             _07802_ (net)
     2    5.408    0.019    0.033   25.652 v _39954_/ZN (OAI21_X1)
                                             _07803_ (net)
     3    7.455    0.030    0.045   25.698 ^ _39955_/ZN (AOI21_X2)
                                             _07804_ (net)
     4    6.940    0.011    0.019   25.717 v _39966_/ZN (NOR3_X2)
                                             _07815_ (net)
    45   81.778    0.023    0.065   25.781 v _39969_/ZN (OR2_X4)
                                             _07818_ (net)
     3    6.008    0.014    0.073   25.854 v _40103_/Z (MUX2_X1)
                                             _07952_ (net)
     2    5.024    0.015    0.048   25.902 v _40105_/ZN (XNOR2_X1)
                                             _07954_ (net)
     2    6.789    0.026    0.038   25.940 ^ _40124_/ZN (OAI21_X2)
                                             _07973_ (net)
     2    6.430    0.015    0.022   25.962 v _40125_/ZN (AOI21_X2)
                                             _07974_ (net)
     2    6.279    0.025    0.042   26.004 ^ _40126_/ZN (OAI21_X2)
                                             _07975_ (net)
     2    5.670    0.014    0.021   26.025 v _40127_/ZN (AOI21_X2)
                                             _07976_ (net)
     2    6.249    0.025    0.041   26.066 ^ _40128_/ZN (OAI21_X2)
                                             _07977_ (net)
     2    5.713    0.015    0.021   26.087 v _40129_/ZN (AOI21_X2)
                                             _07978_ (net)
     2    6.778    0.026    0.042   26.130 ^ _40130_/ZN (OAI21_X2)
                                             _07979_ (net)
     2    5.585    0.015    0.021   26.151 v _40131_/ZN (AOI21_X2)
                                             _07980_ (net)
     2    6.107    0.024    0.041   26.192 ^ _40132_/ZN (OAI21_X2)
                                             _07981_ (net)
     2    5.651    0.015    0.021   26.213 v _40133_/ZN (AOI21_X2)
                                             _07982_ (net)
     2    6.075    0.024    0.041   26.254 ^ _40134_/ZN (OAI21_X2)
                                             _07983_ (net)
     2    5.717    0.014    0.021   26.275 v _40135_/ZN (AOI21_X2)
                                             _07984_ (net)
     2    6.150    0.024    0.041   26.316 ^ _40136_/ZN (OAI21_X2)
                                             _07985_ (net)
     2    5.638    0.014    0.021   26.337 v _40137_/ZN (AOI21_X2)
                                             _07986_ (net)
     2    6.357    0.026    0.041   26.378 ^ _40138_/ZN (OAI21_X2)
                                             _07987_ (net)
     2    5.246    0.014    0.021   26.399 v _40139_/ZN (AOI21_X2)
                                             _07988_ (net)
     2    6.154    0.024    0.036   26.435 ^ _40141_/ZN (OAI21_X2)
                                             _07990_ (net)
     2    5.583    0.015    0.021   26.456 v _40142_/ZN (AOI21_X2)
                                             _07991_ (net)
     2    6.311    0.025    0.041   26.497 ^ _40143_/ZN (OAI21_X2)
                                             _07992_ (net)
     2    5.637    0.015    0.021   26.518 v _40144_/ZN (AOI21_X2)
                                             _07993_ (net)
     2    6.196    0.025    0.041   26.559 ^ _40145_/ZN (OAI21_X2)
                                             _07994_ (net)
     2    8.879    0.017    0.025   26.584 v _40146_/ZN (AOI21_X2)
                                             _07995_ (net)
     4   11.725    0.024    0.041   26.625 ^ _40147_/ZN (OAI21_X4)
                                             _07996_ (net)
     4   13.124    0.024    0.041   26.666 v _40171_/ZN (NAND4_X4)
                                             _08020_ (net)
    18   38.893    0.026    0.041   26.707 ^ _40177_/ZN (NAND2_X4)
                                             _08026_ (net)
     3    5.612    0.014    0.071   26.777 v _40307_/Z (MUX2_X1)
                                             _08156_ (net)
     2    3.989    0.013    0.046   26.824 v _40308_/ZN (XNOR2_X1)
                                             _08157_ (net)
     2    4.748    0.032    0.049   26.872 ^ _40322_/ZN (OAI21_X1)
                                             _08171_ (net)
     2    5.460    0.017    0.029   26.901 v _40323_/ZN (AOI21_X1)
                                             _08172_ (net)
     2    6.559    0.025    0.038   26.939 ^ _40326_/ZN (OAI21_X2)
                                             _08175_ (net)
     2    6.140    0.015    0.022   26.961 v _40327_/ZN (AOI21_X2)
                                             _08176_ (net)
     2    6.255    0.025    0.042   27.003 ^ _40328_/ZN (OAI21_X2)
                                             _08177_ (net)
     2    5.701    0.015    0.021   27.024 v _40329_/ZN (AOI21_X2)
                                             _08178_ (net)
     2    6.110    0.024    0.041   27.065 ^ _40330_/ZN (OAI21_X2)
                                             _08179_ (net)
     2    5.954    0.015    0.021   27.086 v _40331_/ZN (AOI21_X2)
                                             _08180_ (net)
     2    6.407    0.025    0.042   27.128 ^ _40332_/ZN (OAI21_X2)
                                             _08181_ (net)
     2    5.657    0.015    0.021   27.149 v _40333_/ZN (AOI21_X2)
                                             _08182_ (net)
     2    6.183    0.024    0.041   27.190 ^ _40334_/ZN (OAI21_X2)
                                             _08183_ (net)
     2    5.733    0.015    0.021   27.211 v _40335_/ZN (AOI21_X2)
                                             _08184_ (net)
     2    6.053    0.024    0.041   27.252 ^ _40336_/ZN (OAI21_X2)
                                             _08185_ (net)
     2    5.648    0.015    0.021   27.273 v _40337_/ZN (AOI21_X2)
                                             _08186_ (net)
     2    6.178    0.024    0.041   27.314 ^ _40338_/ZN (OAI21_X2)
                                             _08187_ (net)
     2    5.635    0.015    0.021   27.334 v _40339_/ZN (AOI21_X2)
                                             _08188_ (net)
     2    6.226    0.025    0.041   27.376 ^ _40340_/ZN (OAI21_X2)
                                             _08189_ (net)
     2    5.314    0.015    0.021   27.396 v _40341_/ZN (AOI21_X2)
                                             _08190_ (net)
     2    6.240    0.025    0.036   27.432 ^ _40343_/ZN (OAI21_X2)
                                             _08192_ (net)
     2    5.636    0.015    0.021   27.453 v _40344_/ZN (AOI21_X2)
                                             _08193_ (net)
     2    6.199    0.024    0.041   27.494 ^ _40345_/ZN (OAI21_X2)
                                             _08194_ (net)
     2    5.734    0.015    0.021   27.516 v _40346_/ZN (AOI21_X2)
                                             _08195_ (net)
     2    6.147    0.025    0.041   27.557 ^ _40347_/ZN (OAI21_X2)
                                             _08196_ (net)
     2    8.891    0.017    0.025   27.582 v _40348_/ZN (AOI21_X2)
                                             _08197_ (net)
     3   10.967    0.024    0.040   27.621 ^ _40349_/ZN (OAI21_X4)
                                             _08198_ (net)
     5   14.744    0.025    0.043   27.664 v _40367_/ZN (NAND4_X4)
                                             _08216_ (net)
    16   36.323    0.025    0.040   27.704 ^ _40373_/ZN (NAND2_X4)
                                             _08222_ (net)
     3    7.312    0.016    0.075   27.779 v _40489_/Z (MUX2_X1)
                                             _08338_ (net)
     3    5.915    0.024    0.041   27.820 ^ _40491_/ZN (XNOR2_X2)
                                             _08340_ (net)
     1    2.916    0.014    0.021   27.841 v _40503_/ZN (OAI21_X1)
                                             _08352_ (net)
     2    4.775    0.042    0.053   27.894 ^ _40504_/ZN (AOI211_X2)
                                             _08353_ (net)
     2    4.370    0.019    0.033   27.926 v _40505_/ZN (OAI21_X1)
                                             _08354_ (net)
     2    4.715    0.035    0.046   27.972 ^ _40507_/ZN (AOI21_X1)
                                             _08356_ (net)
     2    4.127    0.017    0.030   28.002 v _40508_/ZN (OAI21_X1)
                                             _08357_ (net)
     2    4.494    0.034    0.049   28.050 ^ _40509_/ZN (AOI21_X1)
                                             _08358_ (net)
     2    3.878    0.017    0.029   28.079 v _40510_/ZN (OAI21_X1)
                                             _08359_ (net)
     2    4.616    0.035    0.049   28.128 ^ _40511_/ZN (AOI21_X1)
                                             _08360_ (net)
     2    3.871    0.017    0.029   28.157 v _40512_/ZN (OAI21_X1)
                                             _08361_ (net)
     2    4.470    0.034    0.048   28.206 ^ _40513_/ZN (AOI21_X1)
                                             _08362_ (net)
     2    3.765    0.017    0.029   28.234 v _40514_/ZN (OAI21_X1)
                                             _08363_ (net)
     2    4.375    0.033    0.048   28.282 ^ _40515_/ZN (AOI21_X1)
                                             _08364_ (net)
     2    3.912    0.017    0.029   28.311 v _40516_/ZN (OAI21_X1)
                                             _08365_ (net)
     2    4.327    0.033    0.047   28.358 ^ _40517_/ZN (AOI21_X1)
                                             _08366_ (net)
     2    3.832    0.016    0.029   28.387 v _40518_/ZN (OAI21_X1)
                                             _08367_ (net)
     2    4.304    0.033    0.047   28.434 ^ _40519_/ZN (AOI21_X1)
                                             _08368_ (net)
     2    3.780    0.016    0.028   28.462 v _40520_/ZN (OAI21_X1)
                                             _08369_ (net)
     2    4.659    0.035    0.049   28.511 ^ _40521_/ZN (AOI21_X1)
                                             _08370_ (net)
     2    3.913    0.017    0.029   28.540 v _40522_/ZN (OAI21_X1)
                                             _08371_ (net)
     2    4.495    0.034    0.043   28.584 ^ _40524_/ZN (AOI21_X1)
                                             _08373_ (net)
     2    4.080    0.017    0.029   28.613 v _40525_/ZN (OAI21_X1)
                                             _08374_ (net)
     2    4.445    0.034    0.048   28.661 ^ _40526_/ZN (AOI21_X1)
                                             _08375_ (net)
     2    3.805    0.017    0.029   28.690 v _40527_/ZN (OAI21_X1)
                                             _08376_ (net)
     2    5.344    0.038    0.052   28.743 ^ _40528_/ZN (AOI21_X1)
                                             _08377_ (net)
     2    5.217    0.019    0.034   28.776 v _40529_/ZN (OAI21_X1)
                                             _08378_ (net)
     3   11.942    0.040    0.057   28.833 ^ _40530_/ZN (AOI21_X2)
                                             _08379_ (net)
     7   17.863    0.016    0.022   28.855 v _40550_/ZN (NOR4_X4)
                                             _08399_ (net)
     3    3.303    0.015    0.084   28.939 v _40700_/ZN (OR3_X1)
                                             _08549_ (net)
     3    4.535    0.034    0.048   28.986 ^ _40711_/ZN (AOI21_X1)
                                             _08560_ (net)
     1    1.633    0.008    0.036   29.022 ^ _40716_/ZN (OR4_X1)
                                             _08565_ (net)
     1    1.835    0.017    0.022   29.045 v _40719_/ZN (OAI221_X1)
                                             _08568_ (net)
     1    1.957    0.023    0.036   29.080 ^ _40720_/ZN (AOI21_X1)
                                             _08569_ (net)
     2    4.590    0.014    0.024   29.105 v _40722_/ZN (OAI21_X1)
                                             _08571_ (net)
     2    4.700    0.035    0.048   29.153 ^ _40723_/ZN (AOI21_X1)
                                             _08572_ (net)
     2    4.503    0.016    0.028   29.181 v _40725_/ZN (OAI21_X1)
                                             _08574_ (net)
     2    4.242    0.033    0.047   29.228 ^ _40726_/ZN (AOI21_X1)
                                             _08575_ (net)
     2    4.162    0.017    0.029   29.257 v _40727_/ZN (OAI21_X1)
                                             _08576_ (net)
     2    4.094    0.032    0.046   29.304 ^ _40728_/ZN (AOI21_X1)
                                             _08577_ (net)
     2    4.023    0.016    0.029   29.332 v _40729_/ZN (OAI21_X1)
                                             _08578_ (net)
     2    4.362    0.033    0.048   29.380 ^ _40730_/ZN (AOI21_X1)
                                             _08579_ (net)
     2    4.137    0.017    0.029   29.409 v _40731_/ZN (OAI21_X1)
                                             _08580_ (net)
     2    3.928    0.031    0.046   29.455 ^ _40732_/ZN (AOI21_X1)
                                             _08581_ (net)
     2    4.017    0.016    0.028   29.483 v _40733_/ZN (OAI21_X1)
                                             _08582_ (net)
     2    4.020    0.032    0.046   29.529 ^ _40734_/ZN (AOI21_X1)
                                             _08583_ (net)
     2    4.111    0.017    0.029   29.558 v _40735_/ZN (OAI21_X1)
                                             _08584_ (net)
     2    4.102    0.032    0.046   29.604 ^ _40736_/ZN (AOI21_X1)
                                             _08585_ (net)
     2    4.241    0.017    0.029   29.633 v _40737_/ZN (OAI21_X1)
                                             _08586_ (net)
     2    4.218    0.033    0.047   29.680 ^ _40738_/ZN (AOI21_X1)
                                             _08587_ (net)
     2    4.096    0.017    0.029   29.709 v _40739_/ZN (OAI21_X1)
                                             _08588_ (net)
     2    5.455    0.038    0.048   29.757 ^ _40741_/ZN (AOI21_X1)
                                             _08590_ (net)
     2    3.977    0.017    0.027   29.785 v _40743_/ZN (OAI21_X1)
                                             _08592_ (net)
     2    4.002    0.032    0.046   29.831 ^ _40744_/ZN (AOI21_X1)
                                             _08593_ (net)
     2    3.989    0.016    0.028   29.859 v _40745_/ZN (OAI21_X1)
                                             _08594_ (net)
     2    4.144    0.032    0.046   29.905 ^ _40746_/ZN (AOI21_X1)
                                             _08595_ (net)
     2    4.024    0.017    0.029   29.934 v _40747_/ZN (OAI21_X1)
                                             _08596_ (net)
     2    8.981    0.054    0.071   30.005 ^ _40748_/ZN (AOI21_X1)
                                             _08597_ (net)
     4   12.548    0.020    0.031   30.036 v _40749_/ZN (OAI21_X4)
                                             _08598_ (net)
     3    4.805    0.010    0.045   30.081 v _40759_/ZN (AND3_X1)
                                             _08608_ (net)
     3    4.628    0.046    0.068   30.150 ^ _40876_/ZN (NOR3_X1)
                                             _08725_ (net)
     3    5.219    0.016    0.047   30.197 ^ _40878_/ZN (OR3_X1)
                                             _08727_ (net)
     3    5.598    0.014    0.024   30.220 v _40886_/ZN (NAND2_X1)
                                             _08735_ (net)
     1    2.171    0.037    0.055   30.275 ^ _40902_/ZN (OAI221_X1)
                                             _08751_ (net)
     1    3.357    0.013    0.025   30.300 v _40903_/ZN (AOI21_X1)
                                             _08752_ (net)
     2    4.851    0.025    0.040   30.340 ^ _40904_/ZN (OAI211_X2)
                                             _08753_ (net)
     2    4.625    0.013    0.025   30.365 v _40905_/ZN (AOI21_X1)
                                             _08754_ (net)
     2    4.660    0.031    0.044   30.409 ^ _40907_/ZN (OAI21_X1)
                                             _08756_ (net)
     2    3.983    0.013    0.025   30.434 v _40908_/ZN (AOI21_X1)
                                             _08757_ (net)
     2    4.555    0.031    0.048   30.482 ^ _40909_/ZN (OAI21_X1)
                                             _08758_ (net)
     2    3.876    0.013    0.025   30.507 v _40910_/ZN (AOI21_X1)
                                             _08759_ (net)
     2    4.735    0.032    0.049   30.556 ^ _40911_/ZN (OAI21_X1)
                                             _08760_ (net)
     2    3.947    0.013    0.025   30.581 v _40912_/ZN (AOI21_X1)
                                             _08761_ (net)
     2    4.604    0.031    0.048   30.629 ^ _40913_/ZN (OAI21_X1)
                                             _08762_ (net)
     2    3.867    0.013    0.025   30.654 v _40914_/ZN (AOI21_X1)
                                             _08763_ (net)
     2    4.619    0.031    0.048   30.702 ^ _40915_/ZN (OAI21_X1)
                                             _08764_ (net)
     2    3.954    0.013    0.025   30.727 v _40916_/ZN (AOI21_X1)
                                             _08765_ (net)
     2    4.568    0.031    0.048   30.775 ^ _40917_/ZN (OAI21_X1)
                                             _08766_ (net)
     2    4.165    0.013    0.026   30.800 v _40918_/ZN (AOI21_X1)
                                             _08767_ (net)
     2    7.911    0.046    0.065   30.865 ^ _40919_/ZN (OAI21_X1)
                                             _08768_ (net)
     2    5.637    0.013    0.025   30.890 v _40920_/ZN (AOI21_X2)
                                             _08769_ (net)
     3    7.147    0.027    0.043   30.933 ^ _40921_/ZN (OAI21_X2)
                                             _08770_ (net)
     4   16.959    0.038    0.061   30.994 v _40928_/ZN (NAND4_X2)
                                             _08777_ (net)
     9   20.775    0.035    0.060   31.054 ^ _40969_/ZN (OAI21_X4)
                                             _08818_ (net)
     3    7.179    0.015    0.076   31.130 v _41118_/Z (MUX2_X1)
                                             _08967_ (net)
     3    5.466    0.012    0.042   31.172 v _41123_/ZN (XNOR2_X2)
                                             _08972_ (net)
     2    3.615    0.027    0.043   31.215 ^ _41124_/ZN (OAI21_X1)
                                             _08973_ (net)
     1    1.827    0.011    0.017   31.232 v _41143_/ZN (AOI21_X1)
                                             _08992_ (net)
     1    1.929    0.021    0.034   31.266 ^ _41144_/ZN (OAI21_X1)
                                             _08993_ (net)
     2    4.557    0.013    0.024   31.290 v _41146_/ZN (AOI21_X1)
                                             _08995_ (net)
     2    4.804    0.032    0.049   31.339 ^ _41147_/ZN (OAI21_X1)
                                             _08996_ (net)
     2    4.347    0.016    0.027   31.366 v _41149_/ZN (AOI21_X1)
                                             _08998_ (net)
     2    4.227    0.029    0.047   31.413 ^ _41150_/ZN (OAI21_X1)
                                             _08999_ (net)
     2    4.121    0.013    0.025   31.439 v _41151_/ZN (AOI21_X1)
                                             _09000_ (net)
     2    4.178    0.029    0.046   31.484 ^ _41152_/ZN (OAI21_X1)
                                             _09001_ (net)
     2    4.131    0.013    0.025   31.509 v _41153_/ZN (AOI21_X1)
                                             _09002_ (net)
     2    4.208    0.029    0.046   31.555 ^ _41154_/ZN (OAI21_X1)
                                             _09003_ (net)
     2    4.161    0.013    0.025   31.581 v _41155_/ZN (AOI21_X1)
                                             _09004_ (net)
     2    4.168    0.029    0.046   31.626 ^ _41156_/ZN (OAI21_X1)
                                             _09005_ (net)
     2    4.070    0.013    0.025   31.651 v _41157_/ZN (AOI21_X1)
                                             _09006_ (net)
     2    4.261    0.030    0.046   31.698 ^ _41158_/ZN (OAI21_X1)
                                             _09007_ (net)
     2    5.906    0.016    0.030   31.727 v _41159_/ZN (AOI21_X1)
                                             _09008_ (net)
     2    5.838    0.024    0.040   31.767 ^ _41160_/ZN (OAI21_X2)
                                             _09009_ (net)
     2    5.971    0.015    0.029   31.796 v _41161_/ZN (AOI21_X1)
                                             _09010_ (net)
     2    6.116    0.024    0.041   31.837 ^ _41162_/ZN (OAI21_X2)
                                             _09011_ (net)
     3    6.165    0.012    0.022   31.859 v _41163_/ZN (AOI21_X2)
                                             _09012_ (net)
     3   15.837    0.024    0.127   31.986 v _41167_/ZN (OR4_X2)
                                             _09016_ (net)
     9   20.678    0.033    0.054   32.040 ^ _41185_/ZN (OAI21_X4)
                                             _09034_ (net)
     3    4.905    0.013    0.072   32.112 v _41340_/Z (MUX2_X1)
                                             _09189_ (net)
     2    3.967    0.032    0.046   32.158 v _41344_/ZN (XNOR2_X1)
                                             _09193_ (net)
     2    3.644    0.028    0.050   32.208 ^ _41345_/ZN (OAI21_X1)
                                             _09194_ (net)
     1    1.852    0.009    0.019   32.227 v _41346_/ZN (AOI21_X1)
                                             _09195_ (net)
     2    3.975    0.028    0.043   32.270 ^ _41347_/ZN (OAI21_X1)
                                             _09196_ (net)
     1    1.807    0.009    0.019   32.289 v _41348_/ZN (AOI21_X1)
                                             _09197_ (net)
     1    3.628    0.027    0.042   32.331 ^ _41349_/ZN (OAI21_X1)
                                             _09198_ (net)
     2    4.376    0.014    0.021   32.352 v _41350_/ZN (AOI211_X2)
                                             _09199_ (net)
     2    4.637    0.032    0.049   32.401 ^ _41351_/ZN (OAI21_X1)
                                             _09200_ (net)
     2    4.355    0.016    0.027   32.427 v _41353_/ZN (AOI21_X1)
                                             _09202_ (net)
     2    4.139    0.029    0.047   32.474 ^ _41354_/ZN (OAI21_X1)
                                             _09203_ (net)
     2    4.131    0.013    0.025   32.499 v _41355_/ZN (AOI21_X1)
                                             _09204_ (net)
     2    4.130    0.029    0.046   32.545 ^ _41356_/ZN (OAI21_X1)
                                             _09205_ (net)
     2    4.250    0.013    0.025   32.570 v _41357_/ZN (AOI21_X1)
                                             _09206_ (net)
     2    4.178    0.029    0.046   32.616 ^ _41358_/ZN (OAI21_X1)
                                             _09207_ (net)
     2    4.210    0.013    0.025   32.641 v _41359_/ZN (AOI21_X1)
                                             _09208_ (net)
     2    4.134    0.029    0.046   32.687 ^ _41360_/ZN (OAI21_X1)
                                             _09209_ (net)
     2    6.027    0.016    0.030   32.716 v _41361_/ZN (AOI21_X1)
                                             _09210_ (net)
     2    5.902    0.024    0.041   32.757 ^ _41362_/ZN (OAI21_X2)
                                             _09211_ (net)
     3    6.955    0.011    0.022   32.779 v _41363_/ZN (AOI21_X2)
                                             _09212_ (net)
     2    5.209    0.021    0.128   32.907 v _41366_/ZN (OR4_X1)
                                             _09215_ (net)
     4    8.597    0.055    0.063   32.970 ^ _41371_/ZN (AOI211_X2)
                                             _09220_ (net)
     4   16.493    0.032    0.049   33.020 v _41373_/ZN (NAND3_X2)
                                             _09222_ (net)
    10   23.748    0.021    0.038   33.057 ^ _41381_/ZN (NAND2_X4)
                                             _09230_ (net)
     4    5.505    0.014    0.071   33.128 v _41516_/Z (MUX2_X1)
                                             _09365_ (net)
     1    1.648    0.009    0.051   33.180 v _41530_/ZN (OR2_X1)
                                             _09379_ (net)
     2    4.611    0.035    0.046   33.226 ^ _41531_/ZN (AOI21_X1)
                                             _09380_ (net)
     2    4.073    0.017    0.030   33.255 v _41532_/ZN (OAI21_X1)
                                             _09381_ (net)
     2    5.073    0.037    0.051   33.307 ^ _41533_/ZN (AOI21_X1)
                                             _09382_ (net)
     2    3.968    0.017    0.030   33.337 v _41534_/ZN (OAI21_X1)
                                             _09383_ (net)
     2    4.347    0.033    0.048   33.385 ^ _41535_/ZN (AOI21_X1)
                                             _09384_ (net)
     2    3.869    0.017    0.029   33.413 v _41536_/ZN (OAI21_X1)
                                             _09385_ (net)
     2    4.428    0.034    0.048   33.461 ^ _41537_/ZN (AOI21_X1)
                                             _09386_ (net)
     2    4.111    0.017    0.029   33.491 v _41538_/ZN (OAI21_X1)
                                             _09387_ (net)
     2    4.385    0.033    0.043   33.534 ^ _41540_/ZN (AOI21_X1)
                                             _09389_ (net)
     2    3.888    0.017    0.029   33.562 v _41541_/ZN (OAI21_X1)
                                             _09390_ (net)
     2    4.430    0.034    0.048   33.610 ^ _41542_/ZN (AOI21_X1)
                                             _09391_ (net)
     2    3.819    0.017    0.029   33.639 v _41543_/ZN (OAI21_X1)
                                             _09392_ (net)
     2    6.192    0.042    0.057   33.696 ^ _41544_/ZN (AOI21_X1)
                                             _09393_ (net)
     2    5.389    0.017    0.028   33.723 v _41545_/ZN (OAI21_X2)
                                             _09394_ (net)
     2    6.179    0.028    0.041   33.765 ^ _41546_/ZN (AOI21_X2)
                                             _09395_ (net)
     2    5.305    0.015    0.024   33.788 v _41547_/ZN (OAI21_X2)
                                             _09396_ (net)
     2    6.212    0.028    0.041   33.829 ^ _41548_/ZN (AOI21_X2)
                                             _09397_ (net)
     2    5.314    0.014    0.024   33.853 v _41549_/ZN (OAI21_X2)
                                             _09398_ (net)
     3    9.798    0.036    0.049   33.902 ^ _41550_/ZN (AOI21_X2)
                                             _09399_ (net)
     2    5.027    0.014    0.021   33.923 v _41552_/ZN (NOR4_X2)
                                             _09401_ (net)
     4   10.350    0.037    0.055   33.977 ^ _41562_/ZN (OAI211_X2)
                                             _09411_ (net)
     5   22.144    0.015    0.024   34.002 v _41580_/ZN (NOR3_X4)
                                             _09429_ (net)
     5   24.049    0.035    0.052   34.053 ^ _41591_/ZN (NOR2_X4)
                                             _09440_ (net)
     3    5.560    0.014    0.071   34.125 v _41717_/Z (MUX2_X1)
                                             _09566_ (net)
     2    4.024    0.032    0.046   34.170 ^ _41719_/ZN (XNOR2_X1)
                                             _09568_ (net)
     2    4.270    0.019    0.026   34.196 v _41731_/ZN (OAI21_X1)
                                             _09580_ (net)
     2    4.514    0.034    0.045   34.241 ^ _41733_/ZN (AOI21_X1)
                                             _09582_ (net)
     2    3.959    0.017    0.029   34.270 v _41734_/ZN (OAI21_X1)
                                             _09583_ (net)
     2    4.850    0.036    0.050   34.320 ^ _41735_/ZN (AOI21_X1)
                                             _09584_ (net)
     2    4.070    0.017    0.030   34.350 v _41736_/ZN (OAI21_X1)
                                             _09585_ (net)
     2    4.330    0.033    0.048   34.398 ^ _41737_/ZN (AOI21_X1)
                                             _09586_ (net)
     2    3.799    0.016    0.028   34.426 v _41738_/ZN (OAI21_X1)
                                             _09587_ (net)
     2    4.325    0.033    0.047   34.474 ^ _41739_/ZN (AOI21_X1)
                                             _09588_ (net)
     2    3.983    0.017    0.029   34.503 v _41740_/ZN (OAI21_X1)
                                             _09589_ (net)
     2    4.320    0.033    0.043   34.545 ^ _41742_/ZN (AOI21_X1)
                                             _09591_ (net)
     2    3.795    0.016    0.028   34.573 v _41743_/ZN (OAI21_X1)
                                             _09592_ (net)
     2    4.430    0.034    0.048   34.621 ^ _41744_/ZN (AOI21_X1)
                                             _09593_ (net)
     2    3.859    0.017    0.029   34.650 v _41745_/ZN (OAI21_X1)
                                             _09594_ (net)
     2    4.340    0.033    0.047   34.698 ^ _41746_/ZN (AOI21_X1)
                                             _09595_ (net)
     2    3.839    0.016    0.029   34.726 v _41747_/ZN (OAI21_X1)
                                             _09596_ (net)
     2    4.380    0.033    0.048   34.774 ^ _41748_/ZN (AOI21_X1)
                                             _09597_ (net)
     2    3.776    0.016    0.028   34.802 v _41749_/ZN (OAI21_X1)
                                             _09598_ (net)
     2    5.190    0.037    0.052   34.854 ^ _41750_/ZN (AOI21_X1)
                                             _09599_ (net)
     2    3.945    0.017    0.030   34.884 v _41751_/ZN (OAI21_X1)
                                             _09600_ (net)
     2    4.530    0.034    0.049   34.933 ^ _41752_/ZN (AOI21_X1)
                                             _09601_ (net)
     2    4.031    0.017    0.029   34.962 v _41753_/ZN (OAI21_X1)
                                             _09602_ (net)
     2    4.407    0.034    0.048   35.010 ^ _41754_/ZN (AOI21_X1)
                                             _09603_ (net)
     3    7.359    0.021    0.037   35.048 v _41755_/ZN (OAI21_X1)
                                             _09604_ (net)
     4   10.986    0.038    0.056   35.103 ^ _41757_/ZN (AOI21_X2)
                                             _09606_ (net)
     5   16.422    0.035    0.054   35.157 v _41797_/ZN (OAI221_X2)
                                             _09646_ (net)
    18   38.078    0.009    0.040   35.197 v max_cap28/Z (BUF_X8)
                                             net28 (net)
     3    7.608    0.021    0.070   35.267 ^ _41935_/Z (MUX2_X1)
                                             _09784_ (net)
     3    5.835    0.026    0.043   35.310 ^ _41937_/ZN (XNOR2_X2)
                                             _09786_ (net)
     1    1.681    0.011    0.018   35.328 v _41941_/ZN (AOI21_X1)
                                             _09790_ (net)
     2    4.545    0.031    0.042   35.370 ^ _41943_/ZN (OAI21_X1)
                                             _09792_ (net)
     2    3.756    0.015    0.025   35.394 v _41944_/ZN (AOI21_X1)
                                             _09793_ (net)
     2    4.549    0.031    0.043   35.438 ^ _41946_/ZN (OAI21_X1)
                                             _09795_ (net)
     2    3.867    0.015    0.025   35.463 v _41947_/ZN (AOI21_X1)
                                             _09796_ (net)
     2    4.559    0.031    0.049   35.511 ^ _41948_/ZN (OAI21_X1)
                                             _09797_ (net)
     2    4.070    0.015    0.025   35.537 v _41949_/ZN (AOI21_X1)
                                             _09798_ (net)
     2    4.360    0.031    0.048   35.584 ^ _41950_/ZN (OAI21_X1)
                                             _09799_ (net)
     2    3.903    0.015    0.025   35.609 v _41951_/ZN (AOI21_X1)
                                             _09800_ (net)
     2    4.319    0.030    0.047   35.656 ^ _41952_/ZN (OAI21_X1)
                                             _09801_ (net)
     2    3.868    0.014    0.025   35.681 v _41953_/ZN (AOI21_X1)
                                             _09802_ (net)
     2    4.339    0.030    0.042   35.723 ^ _41955_/ZN (OAI21_X1)
                                             _09804_ (net)
     2    3.886    0.015    0.025   35.748 v _41956_/ZN (AOI21_X1)
                                             _09805_ (net)
     2    4.180    0.030    0.047   35.795 ^ _41957_/ZN (OAI21_X1)
                                             _09806_ (net)
     2    3.927    0.015    0.025   35.819 v _41958_/ZN (AOI21_X1)
                                             _09807_ (net)
     2    4.285    0.030    0.047   35.867 ^ _41959_/ZN (OAI21_X1)
                                             _09808_ (net)
     2    3.906    0.015    0.025   35.891 v _41960_/ZN (AOI21_X1)
                                             _09809_ (net)
     2    4.761    0.032    0.049   35.941 ^ _41961_/ZN (OAI21_X1)
                                             _09810_ (net)
     2    4.102    0.015    0.026   35.966 v _41962_/ZN (AOI21_X1)
                                             _09811_ (net)
     2    4.555    0.031    0.049   36.015 ^ _41963_/ZN (OAI21_X1)
                                             _09812_ (net)
     2    4.035    0.015    0.025   36.040 v _41964_/ZN (AOI21_X1)
                                             _09813_ (net)
     2    4.523    0.031    0.048   36.089 ^ _41965_/ZN (OAI21_X1)
                                             _09814_ (net)
     2    6.104    0.018    0.030   36.119 v _41966_/ZN (AOI21_X1)
                                             _09815_ (net)
     2    6.119    0.024    0.042   36.161 ^ _41967_/ZN (OAI21_X2)
                                             _09816_ (net)
     2    6.168    0.015    0.021   36.183 v _41968_/ZN (AOI21_X2)
                                             _09817_ (net)
     3    9.663    0.032    0.050   36.233 ^ _41969_/ZN (OAI21_X2)
                                             _09818_ (net)
     5   16.382    0.026    0.045   36.278 v _41985_/ZN (NAND4_X4)
                                             _09834_ (net)
    17   38.431    0.026    0.041   36.319 ^ _41992_/ZN (NAND2_X4)
                                             _09841_ (net)
     4    9.152    0.013    0.088   36.407 v _42111_/Z (MUX2_X2)
                                             _09960_ (net)
     3    5.832    0.028    0.040   36.448 ^ _42113_/ZN (XNOR2_X2)
                                             _09962_ (net)
     1    2.925    0.014    0.022   36.469 v _42125_/ZN (OAI21_X1)
                                             _09974_ (net)
     2    4.574    0.041    0.052   36.521 ^ _42126_/ZN (AOI211_X2)
                                             _09975_ (net)
     2    3.957    0.018    0.031   36.552 v _42127_/ZN (OAI21_X1)
                                             _09976_ (net)
     2    4.590    0.034    0.045   36.597 ^ _42129_/ZN (AOI21_X1)
                                             _09978_ (net)
     2    4.027    0.017    0.029   36.626 v _42130_/ZN (OAI21_X1)
                                             _09979_ (net)
     2    4.363    0.033    0.048   36.674 ^ _42131_/ZN (AOI21_X1)
                                             _09980_ (net)
     2    4.027    0.017    0.029   36.703 v _42132_/ZN (OAI21_X1)
                                             _09981_ (net)
     2    4.345    0.033    0.048   36.751 ^ _42133_/ZN (AOI21_X1)
                                             _09982_ (net)
     2    3.722    0.016    0.028   36.779 v _42134_/ZN (OAI21_X1)
                                             _09983_ (net)
     2    4.425    0.034    0.048   36.827 ^ _42135_/ZN (AOI21_X1)
                                             _09984_ (net)
     2    3.877    0.017    0.029   36.855 v _42136_/ZN (OAI21_X1)
                                             _09985_ (net)
     2    4.298    0.033    0.042   36.898 ^ _42138_/ZN (AOI21_X1)
                                             _09987_ (net)
     2    3.847    0.016    0.028   36.926 v _42139_/ZN (OAI21_X1)
                                             _09988_ (net)
     2    4.465    0.034    0.048   36.974 ^ _42140_/ZN (AOI21_X1)
                                             _09989_ (net)
     2    3.834    0.017    0.029   37.003 v _42141_/ZN (OAI21_X1)
                                             _09990_ (net)
     2    4.366    0.033    0.048   37.051 ^ _42142_/ZN (AOI21_X1)
                                             _09991_ (net)
     2    3.698    0.016    0.028   37.079 v _42143_/ZN (OAI21_X1)
                                             _09992_ (net)
     2    4.735    0.035    0.049   37.128 ^ _42144_/ZN (AOI21_X1)
                                             _09993_ (net)
     2    3.865    0.017    0.029   37.157 v _42145_/ZN (OAI21_X1)
                                             _09994_ (net)
     2    4.350    0.033    0.048   37.205 ^ _42146_/ZN (AOI21_X1)
                                             _09995_ (net)
     2    4.033    0.017    0.029   37.234 v _42147_/ZN (OAI21_X1)
                                             _09996_ (net)
     2    4.648    0.035    0.049   37.283 ^ _42148_/ZN (AOI21_X1)
                                             _09997_ (net)
     2    4.310    0.017    0.030   37.314 v _42149_/ZN (OAI21_X1)
                                             _09998_ (net)
     2    4.433    0.034    0.048   37.362 ^ _42150_/ZN (AOI21_X1)
                                             _09999_ (net)
     2    5.795    0.019    0.034   37.396 v _42151_/ZN (OAI21_X1)
                                             _10000_ (net)
     3   11.271    0.039    0.055   37.451 ^ _42152_/ZN (AOI21_X2)
                                             _10001_ (net)
     6   13.563    0.013    0.018   37.469 v _42176_/ZN (NOR3_X4)
                                             _10025_ (net)
    21   47.940    0.017    0.057   37.526 v _42181_/ZN (OR2_X4)
                                             _10030_ (net)
     4    5.419    0.014    0.062   37.588 v _42318_/Z (MUX2_X1)
                                             _10167_ (net)
     1    1.610    0.009    0.051   37.639 v _42332_/ZN (OR2_X1)
                                             _10181_ (net)
     2    4.394    0.034    0.045   37.684 ^ _42333_/ZN (AOI21_X1)
                                             _10182_ (net)
     2    4.298    0.017    0.030   37.713 v _42334_/ZN (OAI21_X1)
                                             _10183_ (net)
     2    4.508    0.034    0.049   37.762 ^ _42335_/ZN (AOI21_X1)
                                             _10184_ (net)
     2    4.090    0.017    0.029   37.792 v _42336_/ZN (OAI21_X1)
                                             _10185_ (net)
     2    4.484    0.034    0.043   37.835 ^ _42338_/ZN (AOI21_X1)
                                             _10187_ (net)
     2    3.875    0.017    0.029   37.864 v _42339_/ZN (OAI21_X1)
                                             _10188_ (net)
     2    4.514    0.034    0.048   37.912 ^ _42340_/ZN (AOI21_X1)
                                             _10189_ (net)
     2    3.931    0.017    0.029   37.941 v _42341_/ZN (OAI21_X1)
                                             _10190_ (net)
     2    4.428    0.034    0.048   37.989 ^ _42342_/ZN (AOI21_X1)
                                             _10191_ (net)
     2    3.719    0.016    0.028   38.018 v _42343_/ZN (OAI21_X1)
                                             _10192_ (net)
     2    4.407    0.034    0.048   38.065 ^ _42344_/ZN (AOI21_X1)
                                             _10193_ (net)
     2    3.794    0.016    0.029   38.094 v _42345_/ZN (OAI21_X1)
                                             _10194_ (net)
     2    4.329    0.033    0.042   38.136 ^ _42347_/ZN (AOI21_X1)
                                             _10196_ (net)
     2    3.727    0.016    0.028   38.165 v _42348_/ZN (OAI21_X1)
                                             _10197_ (net)
     2    4.366    0.033    0.047   38.212 ^ _42349_/ZN (AOI21_X1)
                                             _10198_ (net)
     2    3.796    0.016    0.028   38.241 v _42350_/ZN (OAI21_X1)
                                             _10199_ (net)
     2    4.298    0.033    0.047   38.288 ^ _42351_/ZN (AOI21_X1)
                                             _10200_ (net)
     2    3.885    0.017    0.029   38.316 v _42352_/ZN (OAI21_X1)
                                             _10201_ (net)
     2    4.642    0.035    0.049   38.365 ^ _42353_/ZN (AOI21_X1)
                                             _10202_ (net)
     2    3.814    0.017    0.029   38.394 v _42354_/ZN (OAI21_X1)
                                             _10203_ (net)
     2    4.545    0.034    0.049   38.443 ^ _42355_/ZN (AOI21_X1)
                                             _10204_ (net)
     2    3.952    0.017    0.029   38.472 v _42356_/ZN (OAI21_X1)
                                             _10205_ (net)
     2    4.304    0.033    0.047   38.520 ^ _42357_/ZN (AOI21_X1)
                                             _10206_ (net)
     2    4.361    0.017    0.030   38.549 v _42358_/ZN (OAI21_X1)
                                             _10207_ (net)
     2    4.402    0.034    0.048   38.598 ^ _42359_/ZN (AOI21_X1)
                                             _10208_ (net)
     2    5.484    0.019    0.033   38.630 v _42360_/ZN (OAI21_X1)
                                             _10209_ (net)
     4    9.649    0.035    0.051   38.681 ^ _42361_/ZN (AOI21_X2)
                                             _10210_ (net)
     4   19.620    0.018    0.031   38.712 v _42368_/ZN (NOR3_X2)
                                             _10217_ (net)
     6   24.602    0.035    0.054   38.766 ^ _42375_/ZN (NOR2_X4)
                                             _10224_ (net)
     3    5.113    0.013    0.070   38.837 v _42521_/Z (MUX2_X1)
                                             _10370_ (net)
     2    4.103    0.032    0.046   38.883 ^ _42523_/ZN (XNOR2_X1)
                                             _10372_ (net)
     2    3.885    0.018    0.025   38.908 v _42535_/ZN (OAI21_X1)
                                             _10384_ (net)
     2    4.395    0.034    0.043   38.951 ^ _42537_/ZN (AOI21_X1)
                                             _10386_ (net)
     2    4.431    0.017    0.030   38.982 v _42538_/ZN (OAI21_X1)
                                             _10387_ (net)
     2    4.651    0.035    0.049   39.031 ^ _42539_/ZN (AOI21_X1)
                                             _10388_ (net)
     2    3.858    0.017    0.029   39.060 v _42540_/ZN (OAI21_X1)
                                             _10389_ (net)
     2    4.434    0.034    0.043   39.103 ^ _42542_/ZN (AOI21_X1)
                                             _10391_ (net)
     2    3.889    0.017    0.029   39.132 v _42543_/ZN (OAI21_X1)
                                             _10392_ (net)
     2    4.419    0.034    0.048   39.180 ^ _42544_/ZN (AOI21_X1)
                                             _10393_ (net)
     2    3.730    0.016    0.028   39.208 v _42545_/ZN (OAI21_X1)
                                             _10394_ (net)
     2    4.389    0.034    0.048   39.256 ^ _42546_/ZN (AOI21_X1)
                                             _10395_ (net)
     2    3.819    0.017    0.029   39.285 v _42547_/ZN (OAI21_X1)
                                             _10396_ (net)
     2    4.378    0.033    0.048   39.332 ^ _42548_/ZN (AOI21_X1)
                                             _10397_ (net)
     2    3.955    0.017    0.029   39.361 v _42549_/ZN (OAI21_X1)
                                             _10398_ (net)
     2    4.349    0.033    0.043   39.404 ^ _42551_/ZN (AOI21_X1)
                                             _10400_ (net)
     2    3.770    0.016    0.028   39.432 v _42552_/ZN (OAI21_X1)
                                             _10401_ (net)
     2    4.454    0.034    0.048   39.480 ^ _42553_/ZN (AOI21_X1)
                                             _10402_ (net)
     2    3.834    0.017    0.029   39.509 v _42554_/ZN (OAI21_X1)
                                             _10403_ (net)
     2    4.136    0.032    0.046   39.555 ^ _42555_/ZN (AOI21_X1)
                                             _10404_ (net)
     2    3.854    0.016    0.028   39.584 v _42556_/ZN (OAI21_X1)
                                             _10405_ (net)
     2    4.472    0.034    0.048   39.632 ^ _42557_/ZN (AOI21_X1)
                                             _10406_ (net)
     2    3.811    0.017    0.029   39.660 v _42558_/ZN (OAI21_X1)
                                             _10407_ (net)
     2    4.422    0.034    0.048   39.708 ^ _42559_/ZN (AOI21_X1)
                                             _10408_ (net)
     2    3.812    0.017    0.029   39.737 v _42560_/ZN (OAI21_X1)
                                             _10409_ (net)
     2    4.564    0.034    0.049   39.785 ^ _42561_/ZN (AOI21_X1)
                                             _10410_ (net)
     2    5.632    0.019    0.034   39.819 v _42562_/ZN (OAI21_X1)
                                             _10411_ (net)
     2    6.365    0.028    0.043   39.862 ^ _42563_/ZN (AOI21_X2)
                                             _10412_ (net)
     2    8.101    0.016    0.028   39.890 v _42564_/ZN (OAI21_X2)
                                             _10413_ (net)
     4   18.283    0.035    0.048   39.938 ^ _42565_/ZN (AOI21_X4)
                                             _10414_ (net)
     9   21.009    0.031    0.043   39.981 v _42571_/ZN (OAI211_X4)
                                             _10420_ (net)
     2    3.495    0.012    0.062   40.043 v _42634_/Z (MUX2_X1)
                                             _10483_ (net)
     1    1.708    0.026    0.042   40.085 ^ _42642_/ZN (AOI22_X1)
                                             _10491_ (net)
     1    1.811    0.010    0.018   40.103 v _42643_/ZN (AOI21_X1)
                                             _10492_ (net)
     1    1.885    0.019    0.033   40.136 ^ _42644_/ZN (OAI21_X1)
                                             _10493_ (net)
     1    2.197    0.010    0.018   40.155 v _42645_/ZN (AOI21_X1)
                                             _10494_ (net)
     1    2.291    0.021    0.035   40.190 ^ _42646_/ZN (OAI21_X1)
                                             _10495_ (net)
     1    1.957    0.017    0.019   40.209 v _42658_/ZN (AOI221_X1)
                                             _10507_ (net)
     1    2.018    0.037    0.040   40.249 ^ _42669_/ZN (OAI221_X1)
                                             _10518_ (net)
     1    3.843    0.015    0.026   40.275 v _42692_/ZN (AOI21_X1)
                                             _10541_ (net)
     1    4.781    0.040    0.058   40.332 ^ _42741_/ZN (OAI221_X2)
                                             _10590_ (net)
     2    9.681    0.021    0.039   40.371 v _42749_/ZN (AOI221_X2)
                                             _10598_ (net)
     4    9.160    0.050    0.090   40.461 ^ _43723_/ZN (NOR4_X4)
                                             _11571_ (net)
     3    8.978    0.027    0.047   40.508 v _54077_/ZN (NAND4_X2)
                                             _21808_ (net)
     3    4.801    0.039    0.083   40.591 ^ _54513_/ZN (NOR4_X4)
                                             _22241_ (net)
     4    7.537    0.017    0.066   40.657 ^ _55018_/ZN (AND4_X2)
                                             _22743_ (net)
     4   10.381    0.019    0.067   40.724 ^ _55570_/ZN (AND4_X2)
                                             _23292_ (net)
     2    3.422    0.016    0.065   40.789 ^ _56140_/ZN (AND4_X1)
                                             _23859_ (net)
     2    3.576    0.011    0.020   40.810 v _56325_/ZN (AOI21_X1)
                                             _24043_ (net)
     1    2.067    0.020    0.030   40.839 ^ _56327_/ZN (OAI21_X1)
                                             _24045_ (net)
     2    5.969    0.018    0.027   40.866 v _56509_/ZN (OAI21_X1)
                                             i0.SCDP.AluData[19] (net)
     1    1.292    0.017    0.118   40.984 v _62619_/ZN (OR4_X1)
                                             _30296_ (net)
     1    0.975    0.016    0.116   41.100 v _62620_/ZN (OR4_X1)
                                             _30297_ (net)
     1    1.223    0.017    0.116   41.216 v _62621_/ZN (OR4_X1)
                                             _30298_ (net)
     1    3.582    0.020    0.125   41.341 v _62622_/ZN (OR4_X1)
                                             _30299_ (net)
     6   26.182    0.022    0.122   41.463 v _62623_/ZN (OR4_X4)
                                             _30300_ (net)
     8   11.787    0.036    0.067   41.530 ^ _62633_/ZN (NOR3_X4)
                                             _30309_ (net)
     2    5.773    0.020    0.035   41.565 v _62673_/ZN (OAI21_X1)
                                             _30346_ (net)
     8   21.593    0.078    0.086   41.651 ^ _62674_/ZN (OAI221_X2)
                                             _30347_ (net)
    23   40.382    0.026    0.036   41.687 v _62675_/ZN (INV_X4)
                                             _02388_ (net)
     8   14.993    0.042    0.074   41.761 ^ _62678_/ZN (NOR3_X4)
                                             _30350_ (net)
     2    2.789    0.013    0.018   41.779 v _62710_/ZN (NOR2_X1)
                                             _30380_ (net)
     2    3.972    0.016    0.088   41.867 v _62711_/ZN (OR3_X1)
                                             _30381_ (net)
     1    1.590    0.018    0.023   41.891 ^ _62799_/ZN (OAI21_X1)
                                             _00000_[21] (net)
                   0.018    0.000   41.891 ^ _68333_/D (DFF_X2)
                                    41.891   data arrival time

                           40.000   40.000   clock clk (rise edge)
                            0.000   40.000   clock source latency
     1    4.143    0.000    0.000   40.000 ^ clk (in)
                                             clk (net)
     8   29.235    0.019    0.031   40.031 ^ clkbuf_0_clk/Z (BUF_X4)
                                             clknet_0_clk (net)
    16   55.262    0.033    0.054   40.085 ^ clkbuf_3_2_0_clk/Z (BUF_X4)
                                             clknet_3_2_0_clk (net)
     2    6.914    0.008    0.027   40.112 ^ clkbuf_7_33_0_clk/Z (BUF_X4)
                                             clknet_7_33_0_clk (net)
     5    5.236    0.006    0.019   40.132 ^ clkbuf_8_67__f_clk/Z (BUF_X4)
                                             clknet_8_67__leaf_clk (net)
                   0.006    0.000   40.132 ^ _68333_/CK (DFF_X2)
                            0.000   40.132   clock reconvergence pessimism
                           -0.033   40.099   library setup time
                                    40.099   data required time
---------------------------------------------------------------------------------
                                    40.099   data required time
                                   -41.891   data arrival time
---------------------------------------------------------------------------------
                                    -1.792   slack (VIOLATED)
